trees_file,optimization_file,log_likelihood,theta,eps,T_WGD,T_WGD_uncert,T_WGD_true,nu,nu_uncert,nu_true,H,H_uncert,H_true,theta_uncert,theta_true
/xdisk/rgutenk/sgibbon/dadi_msprime_pipeline/msprime_tree_sequences/allo_2epoch/params4/allo_2epoch_T0.3_nu0.75_H0.02_master42_rep0.trees,/xdisk/rgutenk/sgibbon/dadi_msprime_pipeline/dadi_inference_results/allo_2epoch/params4/Folded_nested/optimization_allo_2epoch_T0.3_nu0.75_H0.02_master42_rep0.txt,-827.922876241124,4192.290148305847,0.01,0.1505080227070695,0.03136289846346207,0.3,0.640450795684266,0.04775772722223185,0.75,0.0,,0.02,64.31295611176174,
/xdisk/rgutenk/sgibbon/dadi_msprime_pipeline/msprime_tree_sequences/allo_2epoch/params4/allo_2epoch_T0.3_nu0.75_H0.02_master42_rep0.trees,/xdisk/rgutenk/sgibbon/dadi_msprime_pipeline/dadi_inference_results/allo_2epoch/params4/Folded_nested/optimization_allo_2epoch_T0.3_nu0.75_H0.02_master42_rep0.txt,-827.922876241124,4192.290148305847,0.001,0.1505080227070695,0.032279215446408625,0.3,0.640450795684266,0.04833278972073181,0.75,0.0,,0.02,64.71113928214223,
/xdisk/rgutenk/sgibbon/dadi_msprime_pipeline/msprime_tree_sequences/allo_2epoch/params4/allo_2epoch_T0.3_nu0.75_H0.02_master42_rep0.trees,/xdisk/rgutenk/sgibbon/dadi_msprime_pipeline/dadi_inference_results/allo_2epoch/params4/Folded_nested/optimization_allo_2epoch_T0.3_nu0.75_H0.02_master42_rep0.txt,-827.922876241124,4192.290148305847,0.0001,0.1505080227070695,0.03296884052408841,0.3,0.640450795684266,0.049215713760668786,0.75,0.0,,0.02,65.54292782818978,
/xdisk/rgutenk/sgibbon/dadi_msprime_pipeline/msprime_tree_sequences/allo_2epoch/params4/allo_2epoch_T0.3_nu0.75_H0.02_master42_rep1.trees,/xdisk/rgutenk/sgibbon/dadi_msprime_pipeline/dadi_inference_results/allo_2epoch/params4/Folded_nested/optimization_allo_2epoch_T0.3_nu0.75_H0.02_master42_rep1.txt,-799.6012009270667,4107.350926718967,0.01,0.2116877251658513,0.03320479684426192,0.3,0.66063332663144,0.03379381707996965,0.75,0.0,,0.02,65.56932152487401,
/xdisk/rgutenk/sgibbon/dadi_msprime_pipeline/msprime_tree_sequences/allo_2epoch/params4/allo_2epoch_T0.3_nu0.75_H0.02_master42_rep1.trees,/xdisk/rgutenk/sgibbon/dadi_msprime_pipeline/dadi_inference_results/allo_2epoch/params4/Folded_nested/optimization_allo_2epoch_T0.3_nu0.75_H0.02_master42_rep1.txt,-799.6012009270667,4107.350926718967,0.001,0.2116877251658513,0.03732577794404482,0.3,0.66063332663144,0.03895654632498274,0.75,0.0,,0.02,72.93140869722771,
/xdisk/rgutenk/sgibbon/dadi_msprime_pipeline/msprime_tree_sequences/allo_2epoch/params4/allo_2epoch_T0.3_nu0.75_H0.02_master42_rep1.trees,/xdisk/rgutenk/sgibbon/dadi_msprime_pipeline/dadi_inference_results/allo_2epoch/params4/Folded_nested/optimization_allo_2epoch_T0.3_nu0.75_H0.02_master42_rep1.txt,-799.6012009270667,4107.350926718967,0.0001,0.2116877251658513,0.03448350563828487,0.3,0.66063332663144,0.03437504997554448,0.75,0.0,,0.02,66.21604810949027,
/xdisk/rgutenk/sgibbon/dadi_msprime_pipeline/msprime_tree_sequences/allo_2epoch/params4/allo_2epoch_T0.3_nu0.75_H0.02_master42_rep10.trees,/xdisk/rgutenk/sgibbon/dadi_msprime_pipeline/dadi_inference_results/allo_2epoch/params4/Folded_nested/optimization_allo_2epoch_T0.3_nu0.75_H0.02_master42_rep10.txt,-817.7118919455481,4120.286399232853,0.01,0.2053518231296585,0.035131794855500685,0.3,0.6625582502247533,0.03608803230728213,0.75,0.0,,0.02,69.54251523458966,
/xdisk/rgutenk/sgibbon/dadi_msprime_pipeline/msprime_tree_sequences/allo_2epoch/params4/allo_2epoch_T0.3_nu0.75_H0.02_master42_rep10.trees,/xdisk/rgutenk/sgibbon/dadi_msprime_pipeline/dadi_inference_results/allo_2epoch/params4/Folded_nested/optimization_allo_2epoch_T0.3_nu0.75_H0.02_master42_rep10.txt,-817.7118919455481,4120.286399232853,0.001,0.2053518231296585,0.035517580059282274,0.3,0.6625582502247533,0.036201525636187816,0.75,0.0,,0.02,69.63046558923956,
/xdisk/rgutenk/sgibbon/dadi_msprime_pipeline/msprime_tree_sequences/allo_2epoch/params4/allo_2epoch_T0.3_nu0.75_H0.02_master42_rep10.trees,/xdisk/rgutenk/sgibbon/dadi_msprime_pipeline/dadi_inference_results/allo_2epoch/params4/Folded_nested/optimization_allo_2epoch_T0.3_nu0.75_H0.02_master42_rep10.txt,-817.7118919455481,4120.286399232853,0.0001,0.2053518231296585,0.035169610754012426,0.3,0.6625582502247533,0.03579880024198928,0.75,0.0,,0.02,69.09947573957554,
/xdisk/rgutenk/sgibbon/dadi_msprime_pipeline/msprime_tree_sequences/allo_2epoch/params4/allo_2epoch_T0.3_nu0.75_H0.02_master42_rep11.trees,/xdisk/rgutenk/sgibbon/dadi_msprime_pipeline/dadi_inference_results/allo_2epoch/params4/Folded_nested/optimization_allo_2epoch_T0.3_nu0.75_H0.02_master42_rep11.txt,-699.0538690613023,4157.041198415215,0.01,0.2178965167314596,0.023044749438880047,0.3,0.6767319841669885,0.027704883742996508,0.75,0.0,,0.02,71.17655900698185,
/xdisk/rgutenk/sgibbon/dadi_msprime_pipeline/msprime_tree_sequences/allo_2epoch/params4/allo_2epoch_T0.3_nu0.75_H0.02_master42_rep11.trees,/xdisk/rgutenk/sgibbon/dadi_msprime_pipeline/dadi_inference_results/allo_2epoch/params4/Folded_nested/optimization_allo_2epoch_T0.3_nu0.75_H0.02_master42_rep11.txt,-699.0538690613023,4157.041198415215,0.001,0.2178965167314596,0.022895912455292596,0.3,0.6767319841669885,0.027639848306859536,0.75,0.0,,0.02,71.11349621293218,
/xdisk/rgutenk/sgibbon/dadi_msprime_pipeline/msprime_tree_sequences/allo_2epoch/params4/allo_2epoch_T0.3_nu0.75_H0.02_master42_rep11.trees,/xdisk/rgutenk/sgibbon/dadi_msprime_pipeline/dadi_inference_results/allo_2epoch/params4/Folded_nested/optimization_allo_2epoch_T0.3_nu0.75_H0.02_master42_rep11.txt,-699.0538690613023,4157.041198415215,0.0001,0.2178965167314596,0.022658867538032014,0.3,0.6767319841669885,0.027398494643826984,0.75,0.0,,0.02,70.76969698434301,
/xdisk/rgutenk/sgibbon/dadi_msprime_pipeline/msprime_tree_sequences/allo_2epoch/params4/allo_2epoch_T0.3_nu0.75_H0.02_master42_rep12.trees,/xdisk/rgutenk/sgibbon/dadi_msprime_pipeline/dadi_inference_results/allo_2epoch/params4/Folded_nested/optimization_allo_2epoch_T0.3_nu0.75_H0.02_master42_rep12.txt,-846.4391513825518,4114.491635808535,0.01,0.1858331163973922,0.030659637394178086,0.3,0.6891331488002311,0.036010626628026815,0.75,0.0,,0.02,55.58854459361012,
/xdisk/rgutenk/sgibbon/dadi_msprime_pipeline/msprime_tree_sequences/allo_2epoch/params4/allo_2epoch_T0.3_nu0.75_H0.02_master42_rep12.trees,/xdisk/rgutenk/sgibbon/dadi_msprime_pipeline/dadi_inference_results/allo_2epoch/params4/Folded_nested/optimization_allo_2epoch_T0.3_nu0.75_H0.02_master42_rep12.txt,-846.4391513825518,4114.491635808535,0.001,0.1858331163973922,0.030921434213534833,0.3,0.6891331488002311,0.03591006615342724,0.75,0.0,,0.02,55.372857066014866,
/xdisk/rgutenk/sgibbon/dadi_msprime_pipeline/msprime_tree_sequences/allo_2epoch/params4/allo_2epoch_T0.3_nu0.75_H0.02_master42_rep12.trees,/xdisk/rgutenk/sgibbon/dadi_msprime_pipeline/dadi_inference_results/allo_2epoch/params4/Folded_nested/optimization_allo_2epoch_T0.3_nu0.75_H0.02_master42_rep12.txt,-846.4391513825518,4114.491635808535,0.0001,0.1858331163973922,0.030425491648531484,0.3,0.6891331488002311,0.03541995253003993,0.75,0.0,,0.02,54.85369348162755,
/xdisk/rgutenk/sgibbon/dadi_msprime_pipeline/msprime_tree_sequences/allo_2epoch/params4/allo_2epoch_T0.3_nu0.75_H0.02_master42_rep13.trees,/xdisk/rgutenk/sgibbon/dadi_msprime_pipeline/dadi_inference_results/allo_2epoch/params4/Folded_nested/optimization_allo_2epoch_T0.3_nu0.75_H0.02_master42_rep13.txt,-1200.816201133841,4155.494422943783,0.01,0.1958642964670353,0.05512619139627644,0.3,0.6965393142736518,0.04950091787830134,0.75,0.0,,0.02,80.807928630907,
/xdisk/rgutenk/sgibbon/dadi_msprime_pipeline/msprime_tree_sequences/allo_2epoch/params4/allo_2epoch_T0.3_nu0.75_H0.02_master42_rep13.trees,/xdisk/rgutenk/sgibbon/dadi_msprime_pipeline/dadi_inference_results/allo_2epoch/params4/Folded_nested/optimization_allo_2epoch_T0.3_nu0.75_H0.02_master42_rep13.txt,-1200.816201133841,4155.494422943783,0.001,0.1958642964670353,0.05675304928838771,0.3,0.6965393142736518,0.049569384970136805,0.75,0.0,,0.02,80.33358258309649,
/xdisk/rgutenk/sgibbon/dadi_msprime_pipeline/msprime_tree_sequences/allo_2epoch/params4/allo_2epoch_T0.3_nu0.75_H0.02_master42_rep13.trees,/xdisk/rgutenk/sgibbon/dadi_msprime_pipeline/dadi_inference_results/allo_2epoch/params4/Folded_nested/optimization_allo_2epoch_T0.3_nu0.75_H0.02_master42_rep13.txt,-1200.816201133841,4155.494422943783,0.0001,0.1958642964670353,0.05890043959276656,0.3,0.6965393142736518,0.0519666045323172,0.75,0.0,,0.02,83.07248973640482,
/xdisk/rgutenk/sgibbon/dadi_msprime_pipeline/msprime_tree_sequences/allo_2epoch/params4/allo_2epoch_T0.3_nu0.75_H0.02_master42_rep14.trees,/xdisk/rgutenk/sgibbon/dadi_msprime_pipeline/dadi_inference_results/allo_2epoch/params4/Folded_nested/optimization_allo_2epoch_T0.3_nu0.75_H0.02_master42_rep14.txt,-716.6543670669884,3985.178810300127,0.01,0.2208034160265513,0.04197502002431151,0.3,0.7109656704518305,0.04290598383204684,0.75,0.0,,0.02,79.16736404951413,
/xdisk/rgutenk/sgibbon/dadi_msprime_pipeline/msprime_tree_sequences/allo_2epoch/params4/allo_2epoch_T0.3_nu0.75_H0.02_master42_rep14.trees,/xdisk/rgutenk/sgibbon/dadi_msprime_pipeline/dadi_inference_results/allo_2epoch/params4/Folded_nested/optimization_allo_2epoch_T0.3_nu0.75_H0.02_master42_rep14.txt,-716.6543670669884,3985.178810300127,0.001,0.2208034160265513,0.04194607673748486,0.3,0.7109656704518305,0.04286775096728148,0.75,0.0,,0.02,79.18197652871198,
/xdisk/rgutenk/sgibbon/dadi_msprime_pipeline/msprime_tree_sequences/allo_2epoch/params4/allo_2epoch_T0.3_nu0.75_H0.02_master42_rep14.trees,/xdisk/rgutenk/sgibbon/dadi_msprime_pipeline/dadi_inference_results/allo_2epoch/params4/Folded_nested/optimization_allo_2epoch_T0.3_nu0.75_H0.02_master42_rep14.txt,-716.6543670669884,3985.178810300127,0.0001,0.2208034160265513,0.042087379987455854,0.3,0.7109656704518305,0.0428527725681604,0.75,0.0,,0.02,79.15360581211637,
/xdisk/rgutenk/sgibbon/dadi_msprime_pipeline/msprime_tree_sequences/allo_2epoch/params4/allo_2epoch_T0.3_nu0.75_H0.02_master42_rep15.trees,/xdisk/rgutenk/sgibbon/dadi_msprime_pipeline/dadi_inference_results/allo_2epoch/params4/Folded_nested/optimization_allo_2epoch_T0.3_nu0.75_H0.02_master42_rep15.txt,-737.8771665632103,4100.6193420054615,0.01,0.2398860781730242,0.030244143279800448,0.3,0.6832231164785377,0.03297504163174719,0.75,0.0,,0.02,82.49400168743261,
/xdisk/rgutenk/sgibbon/dadi_msprime_pipeline/msprime_tree_sequences/allo_2epoch/params4/allo_2epoch_T0.3_nu0.75_H0.02_master42_rep15.trees,/xdisk/rgutenk/sgibbon/dadi_msprime_pipeline/dadi_inference_results/allo_2epoch/params4/Folded_nested/optimization_allo_2epoch_T0.3_nu0.75_H0.02_master42_rep15.txt,-737.8771665632103,4100.6193420054615,0.001,0.2398860781730242,0.03194694813489927,0.3,0.6832231164785377,0.03319542090654939,0.75,0.0,,0.02,82.83347838030379,
/xdisk/rgutenk/sgibbon/dadi_msprime_pipeline/msprime_tree_sequences/allo_2epoch/params4/allo_2epoch_T0.3_nu0.75_H0.02_master42_rep15.trees,/xdisk/rgutenk/sgibbon/dadi_msprime_pipeline/dadi_inference_results/allo_2epoch/params4/Folded_nested/optimization_allo_2epoch_T0.3_nu0.75_H0.02_master42_rep15.txt,-737.8771665632103,4100.6193420054615,0.0001,0.2398860781730242,0.03071185645802702,0.3,0.6832231164785377,0.03213846231145139,0.75,0.0,,0.02,81.12062704083698,
/xdisk/rgutenk/sgibbon/dadi_msprime_pipeline/msprime_tree_sequences/allo_2epoch/params4/allo_2epoch_T0.3_nu0.75_H0.02_master42_rep16.trees,/xdisk/rgutenk/sgibbon/dadi_msprime_pipeline/dadi_inference_results/allo_2epoch/params4/Folded_nested/optimization_allo_2epoch_T0.3_nu0.75_H0.02_master42_rep16.txt,-716.22191506101,4073.961131183472,0.01,0.2808822751932927,0.02596911543486692,0.3,0.7330189740007493,0.0275741337505364,0.75,0.0,,0.02,76.7240275996645,
/xdisk/rgutenk/sgibbon/dadi_msprime_pipeline/msprime_tree_sequences/allo_2epoch/params4/allo_2epoch_T0.3_nu0.75_H0.02_master42_rep16.trees,/xdisk/rgutenk/sgibbon/dadi_msprime_pipeline/dadi_inference_results/allo_2epoch/params4/Folded_nested/optimization_allo_2epoch_T0.3_nu0.75_H0.02_master42_rep16.txt,-716.22191506101,4073.961131183472,0.001,0.2808822751932927,0.026368526090016338,0.3,0.7330189740007493,0.027582527147412193,0.75,0.0,,0.02,76.81657682246541,
/xdisk/rgutenk/sgibbon/dadi_msprime_pipeline/msprime_tree_sequences/allo_2epoch/params4/allo_2epoch_T0.3_nu0.75_H0.02_master42_rep16.trees,/xdisk/rgutenk/sgibbon/dadi_msprime_pipeline/dadi_inference_results/allo_2epoch/params4/Folded_nested/optimization_allo_2epoch_T0.3_nu0.75_H0.02_master42_rep16.txt,-716.22191506101,4073.961131183472,0.0001,0.2808822751932927,0.026450087108281735,0.3,0.7330189740007493,0.027625287059661077,0.75,0.0,,0.02,76.89764128560724,
/xdisk/rgutenk/sgibbon/dadi_msprime_pipeline/msprime_tree_sequences/allo_2epoch/params4/allo_2epoch_T0.3_nu0.75_H0.02_master42_rep17.trees,/xdisk/rgutenk/sgibbon/dadi_msprime_pipeline/dadi_inference_results/allo_2epoch/params4/Folded_nested/optimization_allo_2epoch_T0.3_nu0.75_H0.02_master42_rep17.txt,-657.7839046266431,4054.9671004771326,0.01,0.2785482845906653,0.024901792642238685,0.3,0.735686295451376,0.0302146872602131,0.75,0.0,,0.02,63.7619486524805,
/xdisk/rgutenk/sgibbon/dadi_msprime_pipeline/msprime_tree_sequences/allo_2epoch/params4/allo_2epoch_T0.3_nu0.75_H0.02_master42_rep17.trees,/xdisk/rgutenk/sgibbon/dadi_msprime_pipeline/dadi_inference_results/allo_2epoch/params4/Folded_nested/optimization_allo_2epoch_T0.3_nu0.75_H0.02_master42_rep17.txt,-657.7839046266431,4054.9671004771326,0.001,0.2785482845906653,0.025299709999063436,0.3,0.735686295451376,0.030276932369474013,0.75,0.0,,0.02,63.9837331192775,
/xdisk/rgutenk/sgibbon/dadi_msprime_pipeline/msprime_tree_sequences/allo_2epoch/params4/allo_2epoch_T0.3_nu0.75_H0.02_master42_rep17.trees,/xdisk/rgutenk/sgibbon/dadi_msprime_pipeline/dadi_inference_results/allo_2epoch/params4/Folded_nested/optimization_allo_2epoch_T0.3_nu0.75_H0.02_master42_rep17.txt,-657.7839046266431,4054.9671004771326,0.0001,0.2785482845906653,0.02533361680246569,0.3,0.735686295451376,0.030284725590976426,0.75,0.0,,0.02,64.01406796168565,
/xdisk/rgutenk/sgibbon/dadi_msprime_pipeline/msprime_tree_sequences/allo_2epoch/params4/allo_2epoch_T0.3_nu0.75_H0.02_master42_rep18.trees,/xdisk/rgutenk/sgibbon/dadi_msprime_pipeline/dadi_inference_results/allo_2epoch/params4/Folded_nested/optimization_allo_2epoch_T0.3_nu0.75_H0.02_master42_rep18.txt,-706.4393846785357,4119.96059502081,0.01,0.2423902610734286,0.029675258628509397,0.3,0.7039436824187657,0.026197715032750903,0.75,0.0,,0.02,81.03082646745332,
/xdisk/rgutenk/sgibbon/dadi_msprime_pipeline/msprime_tree_sequences/allo_2epoch/params4/allo_2epoch_T0.3_nu0.75_H0.02_master42_rep18.trees,/xdisk/rgutenk/sgibbon/dadi_msprime_pipeline/dadi_inference_results/allo_2epoch/params4/Folded_nested/optimization_allo_2epoch_T0.3_nu0.75_H0.02_master42_rep18.txt,-706.4393846785357,4119.96059502081,0.001,0.2423902610734286,0.02948948165970343,0.3,0.7039436824187657,0.025972914551384233,0.75,0.0,,0.02,80.59810447271826,
/xdisk/rgutenk/sgibbon/dadi_msprime_pipeline/msprime_tree_sequences/allo_2epoch/params4/allo_2epoch_T0.3_nu0.75_H0.02_master42_rep18.trees,/xdisk/rgutenk/sgibbon/dadi_msprime_pipeline/dadi_inference_results/allo_2epoch/params4/Folded_nested/optimization_allo_2epoch_T0.3_nu0.75_H0.02_master42_rep18.txt,-706.4393846785357,4119.96059502081,0.0001,0.2423902610734286,0.029586537510673534,0.3,0.7039436824187657,0.026185843167686414,0.75,0.0,,0.02,80.9628130197994,
/xdisk/rgutenk/sgibbon/dadi_msprime_pipeline/msprime_tree_sequences/allo_2epoch/params4/allo_2epoch_T0.3_nu0.75_H0.02_master42_rep19.trees,/xdisk/rgutenk/sgibbon/dadi_msprime_pipeline/dadi_inference_results/allo_2epoch/params4/Folded_nested/optimization_allo_2epoch_T0.3_nu0.75_H0.02_master42_rep19.txt,-856.478994328339,4151.947713716144,0.01,0.1865083754825396,0.03318829930252591,0.3,0.671622738699782,0.04410574666701016,0.75,0.0,,0.02,90.10681382646155,
/xdisk/rgutenk/sgibbon/dadi_msprime_pipeline/msprime_tree_sequences/allo_2epoch/params4/allo_2epoch_T0.3_nu0.75_H0.02_master42_rep19.trees,/xdisk/rgutenk/sgibbon/dadi_msprime_pipeline/dadi_inference_results/allo_2epoch/params4/Folded_nested/optimization_allo_2epoch_T0.3_nu0.75_H0.02_master42_rep19.txt,-856.478994328339,4151.947713716144,0.001,0.1865083754825396,0.03358427794532766,0.3,0.671622738699782,0.04402179137594197,0.75,0.0,,0.02,89.90674584643699,
/xdisk/rgutenk/sgibbon/dadi_msprime_pipeline/msprime_tree_sequences/allo_2epoch/params4/allo_2epoch_T0.3_nu0.75_H0.02_master42_rep19.trees,/xdisk/rgutenk/sgibbon/dadi_msprime_pipeline/dadi_inference_results/allo_2epoch/params4/Folded_nested/optimization_allo_2epoch_T0.3_nu0.75_H0.02_master42_rep19.txt,-856.478994328339,4151.947713716144,0.0001,0.1865083754825396,0.03360554444827558,0.3,0.671622738699782,0.044059979509990854,0.75,0.0,,0.02,89.96057778694451,
/xdisk/rgutenk/sgibbon/dadi_msprime_pipeline/msprime_tree_sequences/allo_2epoch/params4/allo_2epoch_T0.3_nu0.75_H0.02_master42_rep2.trees,/xdisk/rgutenk/sgibbon/dadi_msprime_pipeline/dadi_inference_results/allo_2epoch/params4/Folded_nested/optimization_allo_2epoch_T0.3_nu0.75_H0.02_master42_rep2.txt,-993.73568999115,4178.992537269557,0.01,0.1308714112746707,0.03678489801361611,0.3,0.6556113245146604,0.04960246490711155,0.75,0.0,,0.02,71.61337219009935,
/xdisk/rgutenk/sgibbon/dadi_msprime_pipeline/msprime_tree_sequences/allo_2epoch/params4/allo_2epoch_T0.3_nu0.75_H0.02_master42_rep2.trees,/xdisk/rgutenk/sgibbon/dadi_msprime_pipeline/dadi_inference_results/allo_2epoch/params4/Folded_nested/optimization_allo_2epoch_T0.3_nu0.75_H0.02_master42_rep2.txt,-993.73568999115,4178.992537269557,0.001,0.1308714112746707,0.04271464722636888,0.3,0.6556113245146604,0.05683046023684136,0.75,0.0,,0.02,75.50661583627947,
/xdisk/rgutenk/sgibbon/dadi_msprime_pipeline/msprime_tree_sequences/allo_2epoch/params4/allo_2epoch_T0.3_nu0.75_H0.02_master42_rep2.trees,/xdisk/rgutenk/sgibbon/dadi_msprime_pipeline/dadi_inference_results/allo_2epoch/params4/Folded_nested/optimization_allo_2epoch_T0.3_nu0.75_H0.02_master42_rep2.txt,-993.73568999115,4178.992537269557,0.0001,0.1308714112746707,0.04049736867843951,0.3,0.6556113245146604,0.053417830566964905,0.75,0.0,,0.02,73.61276715845638,
/xdisk/rgutenk/sgibbon/dadi_msprime_pipeline/msprime_tree_sequences/allo_2epoch/params4/allo_2epoch_T0.3_nu0.75_H0.02_master42_rep20.trees,/xdisk/rgutenk/sgibbon/dadi_msprime_pipeline/dadi_inference_results/allo_2epoch/params4/Folded_nested/optimization_allo_2epoch_T0.3_nu0.75_H0.02_master42_rep20.txt,-719.5354732862668,4054.281265302853,0.01,0.2329585253639701,0.03949728023821771,0.3,0.70552207253807,0.03638349448798049,0.75,0.0,,0.02,77.2353644411284,
/xdisk/rgutenk/sgibbon/dadi_msprime_pipeline/msprime_tree_sequences/allo_2epoch/params4/allo_2epoch_T0.3_nu0.75_H0.02_master42_rep20.trees,/xdisk/rgutenk/sgibbon/dadi_msprime_pipeline/dadi_inference_results/allo_2epoch/params4/Folded_nested/optimization_allo_2epoch_T0.3_nu0.75_H0.02_master42_rep20.txt,-719.5354732862668,4054.281265302853,0.001,0.2329585253639701,0.04064240809972026,0.3,0.70552207253807,0.036821786593512665,0.75,0.0,,0.02,78.00755756359912,
/xdisk/rgutenk/sgibbon/dadi_msprime_pipeline/msprime_tree_sequences/allo_2epoch/params4/allo_2epoch_T0.3_nu0.75_H0.02_master42_rep20.trees,/xdisk/rgutenk/sgibbon/dadi_msprime_pipeline/dadi_inference_results/allo_2epoch/params4/Folded_nested/optimization_allo_2epoch_T0.3_nu0.75_H0.02_master42_rep20.txt,-719.5354732862668,4054.281265302853,0.0001,0.2329585253639701,0.038243565111263346,0.3,0.70552207253807,0.03446754299010772,0.75,0.0,,0.02,73.95492648461503,
/xdisk/rgutenk/sgibbon/dadi_msprime_pipeline/msprime_tree_sequences/allo_2epoch/params4/allo_2epoch_T0.3_nu0.75_H0.02_master42_rep21.trees,/xdisk/rgutenk/sgibbon/dadi_msprime_pipeline/dadi_inference_results/allo_2epoch/params4/Folded_nested/optimization_allo_2epoch_T0.3_nu0.75_H0.02_master42_rep21.txt,-677.8722975474142,4050.289301582885,0.01,0.2749355264125834,0.03174390482593717,0.3,0.7269106787369942,0.03167184636004623,0.75,0.0,,0.02,70.90097091975984,
/xdisk/rgutenk/sgibbon/dadi_msprime_pipeline/msprime_tree_sequences/allo_2epoch/params4/allo_2epoch_T0.3_nu0.75_H0.02_master42_rep21.trees,/xdisk/rgutenk/sgibbon/dadi_msprime_pipeline/dadi_inference_results/allo_2epoch/params4/Folded_nested/optimization_allo_2epoch_T0.3_nu0.75_H0.02_master42_rep21.txt,-677.8722975474142,4050.289301582885,0.001,0.2749355264125834,0.03278597625731028,0.3,0.7269106787369942,0.03186188779409965,0.75,0.0,,0.02,71.2185277577198,
/xdisk/rgutenk/sgibbon/dadi_msprime_pipeline/msprime_tree_sequences/allo_2epoch/params4/allo_2epoch_T0.3_nu0.75_H0.02_master42_rep21.trees,/xdisk/rgutenk/sgibbon/dadi_msprime_pipeline/dadi_inference_results/allo_2epoch/params4/Folded_nested/optimization_allo_2epoch_T0.3_nu0.75_H0.02_master42_rep21.txt,-677.8722975474142,4050.289301582885,0.0001,0.2749355264125834,0.032395624756339024,0.3,0.7269106787369942,0.03147838458608803,0.75,0.0,,0.02,70.59349330259163,
/xdisk/rgutenk/sgibbon/dadi_msprime_pipeline/msprime_tree_sequences/allo_2epoch/params4/allo_2epoch_T0.3_nu0.75_H0.02_master42_rep22.trees,/xdisk/rgutenk/sgibbon/dadi_msprime_pipeline/dadi_inference_results/allo_2epoch/params4/Folded_nested/optimization_allo_2epoch_T0.3_nu0.75_H0.02_master42_rep22.txt,-789.7721028171529,3965.0767108932782,0.01,0.2783493873568569,0.040177342875970114,0.3,0.7400847418801161,0.034292355953544934,0.75,0.0,,0.02,82.31036583233495,
/xdisk/rgutenk/sgibbon/dadi_msprime_pipeline/msprime_tree_sequences/allo_2epoch/params4/allo_2epoch_T0.3_nu0.75_H0.02_master42_rep22.trees,/xdisk/rgutenk/sgibbon/dadi_msprime_pipeline/dadi_inference_results/allo_2epoch/params4/Folded_nested/optimization_allo_2epoch_T0.3_nu0.75_H0.02_master42_rep22.txt,-789.7721028171529,3965.0767108932782,0.001,0.2783493873568569,0.03656879044364334,0.3,0.7400847418801161,0.03228843908295404,0.75,0.0,,0.02,78.03215160826554,
/xdisk/rgutenk/sgibbon/dadi_msprime_pipeline/msprime_tree_sequences/allo_2epoch/params4/allo_2epoch_T0.3_nu0.75_H0.02_master42_rep22.trees,/xdisk/rgutenk/sgibbon/dadi_msprime_pipeline/dadi_inference_results/allo_2epoch/params4/Folded_nested/optimization_allo_2epoch_T0.3_nu0.75_H0.02_master42_rep22.txt,-789.7721028171529,3965.0767108932782,0.0001,0.2783493873568569,0.04137793702380308,0.3,0.7400847418801161,0.03502858414365361,0.75,0.0,,0.02,83.84692344146384,
/xdisk/rgutenk/sgibbon/dadi_msprime_pipeline/msprime_tree_sequences/allo_2epoch/params4/allo_2epoch_T0.3_nu0.75_H0.02_master42_rep23.trees,/xdisk/rgutenk/sgibbon/dadi_msprime_pipeline/dadi_inference_results/allo_2epoch/params4/Folded_nested/optimization_allo_2epoch_T0.3_nu0.75_H0.02_master42_rep23.txt,-701.5395271644884,4065.7981699127217,0.01,0.2332117401502499,0.032579507176162495,0.3,0.7337208868957029,0.031533417473040996,0.75,0.0,,0.02,82.42404516656971,
/xdisk/rgutenk/sgibbon/dadi_msprime_pipeline/msprime_tree_sequences/allo_2epoch/params4/allo_2epoch_T0.3_nu0.75_H0.02_master42_rep23.trees,/xdisk/rgutenk/sgibbon/dadi_msprime_pipeline/dadi_inference_results/allo_2epoch/params4/Folded_nested/optimization_allo_2epoch_T0.3_nu0.75_H0.02_master42_rep23.txt,-701.5395271644884,4065.7981699127217,0.001,0.2332117401502499,0.03295208029073535,0.3,0.7337208868957029,0.03168678691603962,0.75,0.0,,0.02,82.6501256780609,
/xdisk/rgutenk/sgibbon/dadi_msprime_pipeline/msprime_tree_sequences/allo_2epoch/params4/allo_2epoch_T0.3_nu0.75_H0.02_master42_rep23.trees,/xdisk/rgutenk/sgibbon/dadi_msprime_pipeline/dadi_inference_results/allo_2epoch/params4/Folded_nested/optimization_allo_2epoch_T0.3_nu0.75_H0.02_master42_rep23.txt,-701.5395271644884,4065.7981699127217,0.0001,0.2332117401502499,0.032687020906417695,0.3,0.7337208868957029,0.03141889255623174,0.75,0.0,,0.02,82.23322058346855,
/xdisk/rgutenk/sgibbon/dadi_msprime_pipeline/msprime_tree_sequences/allo_2epoch/params4/allo_2epoch_T0.3_nu0.75_H0.02_master42_rep24.trees,/xdisk/rgutenk/sgibbon/dadi_msprime_pipeline/dadi_inference_results/allo_2epoch/params4/Folded_nested/optimization_allo_2epoch_T0.3_nu0.75_H0.02_master42_rep24.txt,-914.3540419063706,4064.3620044619634,0.01,0.1649182541916795,0.0284520069270417,0.3,0.6576166433257763,0.03735343889186247,0.75,0.0,,0.02,61.804541864994334,
/xdisk/rgutenk/sgibbon/dadi_msprime_pipeline/msprime_tree_sequences/allo_2epoch/params4/allo_2epoch_T0.3_nu0.75_H0.02_master42_rep24.trees,/xdisk/rgutenk/sgibbon/dadi_msprime_pipeline/dadi_inference_results/allo_2epoch/params4/Folded_nested/optimization_allo_2epoch_T0.3_nu0.75_H0.02_master42_rep24.txt,-914.3540419063706,4064.3620044619634,0.001,0.1649182541916795,0.030115964068606085,0.3,0.6576166433257763,0.0374849464532476,0.75,0.0,,0.02,61.60877447812136,
/xdisk/rgutenk/sgibbon/dadi_msprime_pipeline/msprime_tree_sequences/allo_2epoch/params4/allo_2epoch_T0.3_nu0.75_H0.02_master42_rep24.trees,/xdisk/rgutenk/sgibbon/dadi_msprime_pipeline/dadi_inference_results/allo_2epoch/params4/Folded_nested/optimization_allo_2epoch_T0.3_nu0.75_H0.02_master42_rep24.txt,-914.3540419063706,4064.3620044619634,0.0001,0.1649182541916795,0.028684995588544263,0.3,0.6576166433257763,0.03610305394926501,0.75,0.0,,0.02,60.323428093479876,
/xdisk/rgutenk/sgibbon/dadi_msprime_pipeline/msprime_tree_sequences/allo_2epoch/params4/allo_2epoch_T0.3_nu0.75_H0.02_master42_rep3.trees,/xdisk/rgutenk/sgibbon/dadi_msprime_pipeline/dadi_inference_results/allo_2epoch/params4/Folded_nested/optimization_allo_2epoch_T0.3_nu0.75_H0.02_master42_rep3.txt,-751.4007589677732,4020.8271524529614,0.01,0.1989505809049524,0.026052076894222093,0.3,0.6899145960759789,0.022938009748541942,0.75,0.0,,0.02,47.577209581217545,
/xdisk/rgutenk/sgibbon/dadi_msprime_pipeline/msprime_tree_sequences/allo_2epoch/params4/allo_2epoch_T0.3_nu0.75_H0.02_master42_rep3.trees,/xdisk/rgutenk/sgibbon/dadi_msprime_pipeline/dadi_inference_results/allo_2epoch/params4/Folded_nested/optimization_allo_2epoch_T0.3_nu0.75_H0.02_master42_rep3.txt,-751.4007589677732,4020.8271524529614,0.001,0.1989505809049524,0.024213521363490927,0.3,0.6899145960759789,0.020883926610278526,0.75,0.0,,0.02,45.16096542378307,
/xdisk/rgutenk/sgibbon/dadi_msprime_pipeline/msprime_tree_sequences/allo_2epoch/params4/allo_2epoch_T0.3_nu0.75_H0.02_master42_rep3.trees,/xdisk/rgutenk/sgibbon/dadi_msprime_pipeline/dadi_inference_results/allo_2epoch/params4/Folded_nested/optimization_allo_2epoch_T0.3_nu0.75_H0.02_master42_rep3.txt,-751.4007589677732,4020.8271524529614,0.0001,0.1989505809049524,0.02542326384464977,0.3,0.6899145960759789,0.02267925932474372,0.75,0.0,,0.02,47.27496919801321,
/xdisk/rgutenk/sgibbon/dadi_msprime_pipeline/msprime_tree_sequences/allo_2epoch/params4/allo_2epoch_T0.3_nu0.75_H0.02_master42_rep4.trees,/xdisk/rgutenk/sgibbon/dadi_msprime_pipeline/dadi_inference_results/allo_2epoch/params4/Folded_nested/optimization_allo_2epoch_T0.3_nu0.75_H0.02_master42_rep4.txt,-877.1042791807424,4077.8835956307385,0.01,0.2152367032091883,0.030784400822636657,0.3,0.6580943965682166,0.03166236284082827,0.75,0.0,,0.02,65.39353638652362,
/xdisk/rgutenk/sgibbon/dadi_msprime_pipeline/msprime_tree_sequences/allo_2epoch/params4/allo_2epoch_T0.3_nu0.75_H0.02_master42_rep4.trees,/xdisk/rgutenk/sgibbon/dadi_msprime_pipeline/dadi_inference_results/allo_2epoch/params4/Folded_nested/optimization_allo_2epoch_T0.3_nu0.75_H0.02_master42_rep4.txt,-877.1042791807424,4077.8835956307385,0.001,0.2152367032091883,0.0314148881165635,0.3,0.6580943965682166,0.0318089829083687,0.75,0.0,,0.02,65.47996118251139,
/xdisk/rgutenk/sgibbon/dadi_msprime_pipeline/msprime_tree_sequences/allo_2epoch/params4/allo_2epoch_T0.3_nu0.75_H0.02_master42_rep4.trees,/xdisk/rgutenk/sgibbon/dadi_msprime_pipeline/dadi_inference_results/allo_2epoch/params4/Folded_nested/optimization_allo_2epoch_T0.3_nu0.75_H0.02_master42_rep4.txt,-877.1042791807424,4077.8835956307385,0.0001,0.2152367032091883,0.03096180134088971,0.3,0.6580943965682166,0.03135612918984179,0.75,0.0,,0.02,64.97701986819105,
/xdisk/rgutenk/sgibbon/dadi_msprime_pipeline/msprime_tree_sequences/allo_2epoch/params4/allo_2epoch_T0.3_nu0.75_H0.02_master42_rep5.trees,/xdisk/rgutenk/sgibbon/dadi_msprime_pipeline/dadi_inference_results/allo_2epoch/params4/Folded_nested/optimization_allo_2epoch_T0.3_nu0.75_H0.02_master42_rep5.txt,-785.1692946071319,4160.286997186531,0.01,0.1999268389210948,0.03135484522138964,0.3,0.6682613898400478,0.031195970281442578,0.75,0.0,,0.02,88.7404360211389,
/xdisk/rgutenk/sgibbon/dadi_msprime_pipeline/msprime_tree_sequences/allo_2epoch/params4/allo_2epoch_T0.3_nu0.75_H0.02_master42_rep5.trees,/xdisk/rgutenk/sgibbon/dadi_msprime_pipeline/dadi_inference_results/allo_2epoch/params4/Folded_nested/optimization_allo_2epoch_T0.3_nu0.75_H0.02_master42_rep5.txt,-785.1692946071319,4160.286997186531,0.001,0.1999268389210948,0.033515276016602556,0.3,0.6682613898400478,0.0319206801806039,0.75,0.0,,0.02,89.39054038448518,
/xdisk/rgutenk/sgibbon/dadi_msprime_pipeline/msprime_tree_sequences/allo_2epoch/params4/allo_2epoch_T0.3_nu0.75_H0.02_master42_rep5.trees,/xdisk/rgutenk/sgibbon/dadi_msprime_pipeline/dadi_inference_results/allo_2epoch/params4/Folded_nested/optimization_allo_2epoch_T0.3_nu0.75_H0.02_master42_rep5.txt,-785.1692946071319,4160.286997186531,0.0001,0.1999268389210948,0.03390103050198334,0.3,0.6682613898400478,0.032437770406611596,0.75,0.0,,0.02,90.07370037864241,
/xdisk/rgutenk/sgibbon/dadi_msprime_pipeline/msprime_tree_sequences/allo_2epoch/params4/allo_2epoch_T0.3_nu0.75_H0.02_master42_rep6.trees,/xdisk/rgutenk/sgibbon/dadi_msprime_pipeline/dadi_inference_results/allo_2epoch/params4/Folded_nested/optimization_allo_2epoch_T0.3_nu0.75_H0.02_master42_rep6.txt,-633.6425811360593,4018.013881749028,0.01,0.273676797620608,0.03192236445988835,0.3,0.7497395442278989,0.026104656105238083,0.75,0.0,,0.02,63.58110750266908,
/xdisk/rgutenk/sgibbon/dadi_msprime_pipeline/msprime_tree_sequences/allo_2epoch/params4/allo_2epoch_T0.3_nu0.75_H0.02_master42_rep6.trees,/xdisk/rgutenk/sgibbon/dadi_msprime_pipeline/dadi_inference_results/allo_2epoch/params4/Folded_nested/optimization_allo_2epoch_T0.3_nu0.75_H0.02_master42_rep6.txt,-633.6425811360593,4018.013881749028,0.001,0.273676797620608,0.03194763723108623,0.3,0.7497395442278989,0.026102492758271503,0.75,0.0,,0.02,63.594914406037205,
/xdisk/rgutenk/sgibbon/dadi_msprime_pipeline/msprime_tree_sequences/allo_2epoch/params4/allo_2epoch_T0.3_nu0.75_H0.02_master42_rep6.trees,/xdisk/rgutenk/sgibbon/dadi_msprime_pipeline/dadi_inference_results/allo_2epoch/params4/Folded_nested/optimization_allo_2epoch_T0.3_nu0.75_H0.02_master42_rep6.txt,-633.6425811360593,4018.013881749028,0.0001,0.273676797620608,0.032072614474138124,0.3,0.7497395442278989,0.026169433859498447,0.75,0.0,,0.02,63.71396555429118,
/xdisk/rgutenk/sgibbon/dadi_msprime_pipeline/msprime_tree_sequences/allo_2epoch/params4/allo_2epoch_T0.3_nu0.75_H0.02_master42_rep7.trees,/xdisk/rgutenk/sgibbon/dadi_msprime_pipeline/dadi_inference_results/allo_2epoch/params4/Folded_nested/optimization_allo_2epoch_T0.3_nu0.75_H0.02_master42_rep7.txt,-683.1965712193289,4105.3762645157885,0.01,0.256956737666712,0.028114945714845647,0.3,0.6748317513091454,0.030720941072494963,0.75,0.0,,0.02,94.41667200096003,
/xdisk/rgutenk/sgibbon/dadi_msprime_pipeline/msprime_tree_sequences/allo_2epoch/params4/allo_2epoch_T0.3_nu0.75_H0.02_master42_rep7.trees,/xdisk/rgutenk/sgibbon/dadi_msprime_pipeline/dadi_inference_results/allo_2epoch/params4/Folded_nested/optimization_allo_2epoch_T0.3_nu0.75_H0.02_master42_rep7.txt,-683.1965712193289,4105.3762645157885,0.001,0.256956737666712,0.029053969471496712,0.3,0.6748317513091454,0.031018808846841897,0.75,0.0,,0.02,94.82149712665972,
/xdisk/rgutenk/sgibbon/dadi_msprime_pipeline/msprime_tree_sequences/allo_2epoch/params4/allo_2epoch_T0.3_nu0.75_H0.02_master42_rep7.trees,/xdisk/rgutenk/sgibbon/dadi_msprime_pipeline/dadi_inference_results/allo_2epoch/params4/Folded_nested/optimization_allo_2epoch_T0.3_nu0.75_H0.02_master42_rep7.txt,-683.1965712193289,4105.3762645157885,0.0001,0.256956737666712,0.028615812954656147,0.3,0.6748317513091454,0.03072519289314193,0.75,0.0,,0.02,94.3551602064346,
/xdisk/rgutenk/sgibbon/dadi_msprime_pipeline/msprime_tree_sequences/allo_2epoch/params4/allo_2epoch_T0.3_nu0.75_H0.02_master42_rep8.trees,/xdisk/rgutenk/sgibbon/dadi_msprime_pipeline/dadi_inference_results/allo_2epoch/params4/Folded_nested/optimization_allo_2epoch_T0.3_nu0.75_H0.02_master42_rep8.txt,-739.6344450398165,4078.481029607159,0.01,0.2122599505161982,0.04151651009992634,0.3,0.7437546381678157,0.03680095714972864,0.75,0.0,,0.02,82.40183591206066,
/xdisk/rgutenk/sgibbon/dadi_msprime_pipeline/msprime_tree_sequences/allo_2epoch/params4/allo_2epoch_T0.3_nu0.75_H0.02_master42_rep8.trees,/xdisk/rgutenk/sgibbon/dadi_msprime_pipeline/dadi_inference_results/allo_2epoch/params4/Folded_nested/optimization_allo_2epoch_T0.3_nu0.75_H0.02_master42_rep8.txt,-739.6344450398165,4078.481029607159,0.001,0.2122599505161982,0.04254791289957678,0.3,0.7437546381678157,0.03691876241511198,0.75,0.0,,0.02,82.50132501805962,
/xdisk/rgutenk/sgibbon/dadi_msprime_pipeline/msprime_tree_sequences/allo_2epoch/params4/allo_2epoch_T0.3_nu0.75_H0.02_master42_rep8.trees,/xdisk/rgutenk/sgibbon/dadi_msprime_pipeline/dadi_inference_results/allo_2epoch/params4/Folded_nested/optimization_allo_2epoch_T0.3_nu0.75_H0.02_master42_rep8.txt,-739.6344450398165,4078.481029607159,0.0001,0.2122599505161982,0.04299477360350767,0.3,0.7437546381678157,0.03736324984905477,0.75,0.0,,0.02,83.11313936676616,
/xdisk/rgutenk/sgibbon/dadi_msprime_pipeline/msprime_tree_sequences/allo_2epoch/params4/allo_2epoch_T0.3_nu0.75_H0.02_master42_rep9.trees,/xdisk/rgutenk/sgibbon/dadi_msprime_pipeline/dadi_inference_results/allo_2epoch/params4/Folded_nested/optimization_allo_2epoch_T0.3_nu0.75_H0.02_master42_rep9.txt,-1174.9309906936346,4179.490825540974,0.01,0.1491529643118341,0.04045307998568193,0.3,0.632275366593736,0.034495263744223376,0.75,0.0,,0.02,53.806442705870786,
/xdisk/rgutenk/sgibbon/dadi_msprime_pipeline/msprime_tree_sequences/allo_2epoch/params4/allo_2epoch_T0.3_nu0.75_H0.02_master42_rep9.trees,/xdisk/rgutenk/sgibbon/dadi_msprime_pipeline/dadi_inference_results/allo_2epoch/params4/Folded_nested/optimization_allo_2epoch_T0.3_nu0.75_H0.02_master42_rep9.txt,-1174.9309906936346,4179.490825540974,0.001,0.1491529643118341,0.024041769501205096,0.3,0.632275366593736,0.021720683524057458,0.75,0.0,,0.02,52.21207952766658,
/xdisk/rgutenk/sgibbon/dadi_msprime_pipeline/msprime_tree_sequences/allo_2epoch/params4/allo_2epoch_T0.3_nu0.75_H0.02_master42_rep9.trees,/xdisk/rgutenk/sgibbon/dadi_msprime_pipeline/dadi_inference_results/allo_2epoch/params4/Folded_nested/optimization_allo_2epoch_T0.3_nu0.75_H0.02_master42_rep9.txt,-1174.9309906936346,4179.490825540974,0.0001,0.1491529643118341,0.04716334596969567,0.3,0.632275366593736,0.041600338369615436,0.75,0.0,,0.02,56.09364841414029,
