trees_file,nested_opt_file,full_opt_file,nested_ll,full_ll,D_unadj,D_adj,p_value_unadj,p_value_adj,eps
/xdisk/rgutenk/sgibbon/dadi_msprime_pipeline/msprime_tree_sequences/allo_2epoch/params5/allo_2epoch_T3_nu0.75_H0.02_master42_rep0.trees,/xdisk/rgutenk/sgibbon/dadi_msprime_pipeline/dadi_inference_results/allo_2epoch/params5/Collapsed_nested/optimization_allo_2epoch_T3_nu0.75_H0.02_master42_rep0.txt,/xdisk/rgutenk/sgibbon/dadi_msprime_pipeline/dadi_inference_results/allo_2epoch/params5/Collapsed_complex/optimization_allo_2epoch_T3_nu0.75_H0.02_master42_rep0.txt,-1584.6359556394332,-448.1594858952875,2272.952939488291,3.0187862679633253,0.0,0.041152521690136834,0.01
/xdisk/rgutenk/sgibbon/dadi_msprime_pipeline/msprime_tree_sequences/allo_2epoch/params5/allo_2epoch_T3_nu0.75_H0.02_master42_rep0.trees,/xdisk/rgutenk/sgibbon/dadi_msprime_pipeline/dadi_inference_results/allo_2epoch/params5/Collapsed_nested/optimization_allo_2epoch_T3_nu0.75_H0.02_master42_rep0.txt,/xdisk/rgutenk/sgibbon/dadi_msprime_pipeline/dadi_inference_results/allo_2epoch/params5/Collapsed_complex/optimization_allo_2epoch_T3_nu0.75_H0.02_master42_rep0.txt,-1584.6359556394332,-448.1594858952875,2272.952939488291,3.6549816361616054,0.0,0.02795088569024573,0.001
/xdisk/rgutenk/sgibbon/dadi_msprime_pipeline/msprime_tree_sequences/allo_2epoch/params5/allo_2epoch_T3_nu0.75_H0.02_master42_rep0.trees,/xdisk/rgutenk/sgibbon/dadi_msprime_pipeline/dadi_inference_results/allo_2epoch/params5/Collapsed_nested/optimization_allo_2epoch_T3_nu0.75_H0.02_master42_rep0.txt,/xdisk/rgutenk/sgibbon/dadi_msprime_pipeline/dadi_inference_results/allo_2epoch/params5/Collapsed_complex/optimization_allo_2epoch_T3_nu0.75_H0.02_master42_rep0.txt,-1584.6359556394332,-448.1594858952875,2272.952939488291,3.8707667530721,0.0,0.024567034970679247,0.0001
/xdisk/rgutenk/sgibbon/dadi_msprime_pipeline/msprime_tree_sequences/allo_2epoch/params5/allo_2epoch_T3_nu0.75_H0.02_master42_rep1.trees,/xdisk/rgutenk/sgibbon/dadi_msprime_pipeline/dadi_inference_results/allo_2epoch/params5/Collapsed_nested/optimization_allo_2epoch_T3_nu0.75_H0.02_master42_rep1.txt,/xdisk/rgutenk/sgibbon/dadi_msprime_pipeline/dadi_inference_results/allo_2epoch/params5/Collapsed_complex/optimization_allo_2epoch_T3_nu0.75_H0.02_master42_rep1.txt,-1248.498064661885,-323.37004667442795,1850.2560359749143,3.144894227190681,0.0,0.03808246947557126,0.01
/xdisk/rgutenk/sgibbon/dadi_msprime_pipeline/msprime_tree_sequences/allo_2epoch/params5/allo_2epoch_T3_nu0.75_H0.02_master42_rep1.trees,/xdisk/rgutenk/sgibbon/dadi_msprime_pipeline/dadi_inference_results/allo_2epoch/params5/Collapsed_nested/optimization_allo_2epoch_T3_nu0.75_H0.02_master42_rep1.txt,/xdisk/rgutenk/sgibbon/dadi_msprime_pipeline/dadi_inference_results/allo_2epoch/params5/Collapsed_complex/optimization_allo_2epoch_T3_nu0.75_H0.02_master42_rep1.txt,-1248.498064661885,-323.37004667442795,1850.2560359749143,5.585810711642801,0.0,0.009053275154323082,0.001
/xdisk/rgutenk/sgibbon/dadi_msprime_pipeline/msprime_tree_sequences/allo_2epoch/params5/allo_2epoch_T3_nu0.75_H0.02_master42_rep1.trees,/xdisk/rgutenk/sgibbon/dadi_msprime_pipeline/dadi_inference_results/allo_2epoch/params5/Collapsed_nested/optimization_allo_2epoch_T3_nu0.75_H0.02_master42_rep1.txt,/xdisk/rgutenk/sgibbon/dadi_msprime_pipeline/dadi_inference_results/allo_2epoch/params5/Collapsed_complex/optimization_allo_2epoch_T3_nu0.75_H0.02_master42_rep1.txt,-1248.498064661885,-323.37004667442795,1850.2560359749143,5.824111044849406,0.0,0.007903977621806169,0.0001
/xdisk/rgutenk/sgibbon/dadi_msprime_pipeline/msprime_tree_sequences/allo_2epoch/params5/allo_2epoch_T3_nu0.75_H0.02_master42_rep10.trees,/xdisk/rgutenk/sgibbon/dadi_msprime_pipeline/dadi_inference_results/allo_2epoch/params5/Collapsed_nested/optimization_allo_2epoch_T3_nu0.75_H0.02_master42_rep10.txt,/xdisk/rgutenk/sgibbon/dadi_msprime_pipeline/dadi_inference_results/allo_2epoch/params5/Collapsed_complex/optimization_allo_2epoch_T3_nu0.75_H0.02_master42_rep10.txt,-1282.8160531006,-322.4934602198434,1920.645185761513,3.129748098202983,0.0,0.03843780907869232,0.01
/xdisk/rgutenk/sgibbon/dadi_msprime_pipeline/msprime_tree_sequences/allo_2epoch/params5/allo_2epoch_T3_nu0.75_H0.02_master42_rep10.trees,/xdisk/rgutenk/sgibbon/dadi_msprime_pipeline/dadi_inference_results/allo_2epoch/params5/Collapsed_nested/optimization_allo_2epoch_T3_nu0.75_H0.02_master42_rep10.txt,/xdisk/rgutenk/sgibbon/dadi_msprime_pipeline/dadi_inference_results/allo_2epoch/params5/Collapsed_complex/optimization_allo_2epoch_T3_nu0.75_H0.02_master42_rep10.txt,-1282.8160531006,-322.4934602198434,1920.645185761513,5.837475286120778,0.0,0.007844161112192216,0.001
/xdisk/rgutenk/sgibbon/dadi_msprime_pipeline/msprime_tree_sequences/allo_2epoch/params5/allo_2epoch_T3_nu0.75_H0.02_master42_rep10.trees,/xdisk/rgutenk/sgibbon/dadi_msprime_pipeline/dadi_inference_results/allo_2epoch/params5/Collapsed_nested/optimization_allo_2epoch_T3_nu0.75_H0.02_master42_rep10.txt,/xdisk/rgutenk/sgibbon/dadi_msprime_pipeline/dadi_inference_results/allo_2epoch/params5/Collapsed_complex/optimization_allo_2epoch_T3_nu0.75_H0.02_master42_rep10.txt,-1282.8160531006,-322.4934602198434,1920.645185761513,6.057191494876267,0.0,0.006924888506490867,0.0001
/xdisk/rgutenk/sgibbon/dadi_msprime_pipeline/msprime_tree_sequences/allo_2epoch/params5/allo_2epoch_T3_nu0.75_H0.02_master42_rep11.trees,/xdisk/rgutenk/sgibbon/dadi_msprime_pipeline/dadi_inference_results/allo_2epoch/params5/Collapsed_nested/optimization_allo_2epoch_T3_nu0.75_H0.02_master42_rep11.txt,/xdisk/rgutenk/sgibbon/dadi_msprime_pipeline/dadi_inference_results/allo_2epoch/params5/Collapsed_complex/optimization_allo_2epoch_T3_nu0.75_H0.02_master42_rep11.txt,-466.8320790385621,-255.9463635559172,421.77143096528977,2.3824818179223684,0.0,0.061351236666950304,0.01
/xdisk/rgutenk/sgibbon/dadi_msprime_pipeline/msprime_tree_sequences/allo_2epoch/params5/allo_2epoch_T3_nu0.75_H0.02_master42_rep11.trees,/xdisk/rgutenk/sgibbon/dadi_msprime_pipeline/dadi_inference_results/allo_2epoch/params5/Collapsed_nested/optimization_allo_2epoch_T3_nu0.75_H0.02_master42_rep11.txt,/xdisk/rgutenk/sgibbon/dadi_msprime_pipeline/dadi_inference_results/allo_2epoch/params5/Collapsed_complex/optimization_allo_2epoch_T3_nu0.75_H0.02_master42_rep11.txt,-466.8320790385621,-255.9463635559172,421.77143096528977,11.40514040753125,0.0,0.00036620582506252664,0.001
/xdisk/rgutenk/sgibbon/dadi_msprime_pipeline/msprime_tree_sequences/allo_2epoch/params5/allo_2epoch_T3_nu0.75_H0.02_master42_rep11.trees,/xdisk/rgutenk/sgibbon/dadi_msprime_pipeline/dadi_inference_results/allo_2epoch/params5/Collapsed_nested/optimization_allo_2epoch_T3_nu0.75_H0.02_master42_rep11.txt,/xdisk/rgutenk/sgibbon/dadi_msprime_pipeline/dadi_inference_results/allo_2epoch/params5/Collapsed_complex/optimization_allo_2epoch_T3_nu0.75_H0.02_master42_rep11.txt,-466.8320790385621,-255.9463635559172,421.77143096528977,11.08106096100621,0.0,0.00043606943327489933,0.0001
/xdisk/rgutenk/sgibbon/dadi_msprime_pipeline/msprime_tree_sequences/allo_2epoch/params5/allo_2epoch_T3_nu0.75_H0.02_master42_rep12.trees,/xdisk/rgutenk/sgibbon/dadi_msprime_pipeline/dadi_inference_results/allo_2epoch/params5/Collapsed_nested/optimization_allo_2epoch_T3_nu0.75_H0.02_master42_rep12.txt,/xdisk/rgutenk/sgibbon/dadi_msprime_pipeline/dadi_inference_results/allo_2epoch/params5/Collapsed_complex/optimization_allo_2epoch_T3_nu0.75_H0.02_master42_rep12.txt,-1114.3230979744242,-241.2906773472328,1746.0648412543828,2.5523953518560196,0.0,0.0550635881258299,0.01
/xdisk/rgutenk/sgibbon/dadi_msprime_pipeline/msprime_tree_sequences/allo_2epoch/params5/allo_2epoch_T3_nu0.75_H0.02_master42_rep12.trees,/xdisk/rgutenk/sgibbon/dadi_msprime_pipeline/dadi_inference_results/allo_2epoch/params5/Collapsed_nested/optimization_allo_2epoch_T3_nu0.75_H0.02_master42_rep12.txt,/xdisk/rgutenk/sgibbon/dadi_msprime_pipeline/dadi_inference_results/allo_2epoch/params5/Collapsed_complex/optimization_allo_2epoch_T3_nu0.75_H0.02_master42_rep12.txt,-1114.3230979744242,-241.2906773472328,1746.0648412543828,4.303205675130084,0.0,0.01902030231910712,0.001
/xdisk/rgutenk/sgibbon/dadi_msprime_pipeline/msprime_tree_sequences/allo_2epoch/params5/allo_2epoch_T3_nu0.75_H0.02_master42_rep12.trees,/xdisk/rgutenk/sgibbon/dadi_msprime_pipeline/dadi_inference_results/allo_2epoch/params5/Collapsed_nested/optimization_allo_2epoch_T3_nu0.75_H0.02_master42_rep12.txt,/xdisk/rgutenk/sgibbon/dadi_msprime_pipeline/dadi_inference_results/allo_2epoch/params5/Collapsed_complex/optimization_allo_2epoch_T3_nu0.75_H0.02_master42_rep12.txt,-1114.3230979744242,-241.2906773472328,1746.0648412543828,4.5095731679591475,0.0,0.016852825415299533,0.0001
/xdisk/rgutenk/sgibbon/dadi_msprime_pipeline/msprime_tree_sequences/allo_2epoch/params5/allo_2epoch_T3_nu0.75_H0.02_master42_rep13.trees,/xdisk/rgutenk/sgibbon/dadi_msprime_pipeline/dadi_inference_results/allo_2epoch/params5/Collapsed_nested/optimization_allo_2epoch_T3_nu0.75_H0.02_master42_rep13.txt,/xdisk/rgutenk/sgibbon/dadi_msprime_pipeline/dadi_inference_results/allo_2epoch/params5/Collapsed_complex/optimization_allo_2epoch_T3_nu0.75_H0.02_master42_rep13.txt,-973.1548455729094,-354.65798492969145,1236.9937212864359,1.9158010031688792,0.0,0.0831601475585051,0.01
/xdisk/rgutenk/sgibbon/dadi_msprime_pipeline/msprime_tree_sequences/allo_2epoch/params5/allo_2epoch_T3_nu0.75_H0.02_master42_rep13.trees,/xdisk/rgutenk/sgibbon/dadi_msprime_pipeline/dadi_inference_results/allo_2epoch/params5/Collapsed_nested/optimization_allo_2epoch_T3_nu0.75_H0.02_master42_rep13.txt,/xdisk/rgutenk/sgibbon/dadi_msprime_pipeline/dadi_inference_results/allo_2epoch/params5/Collapsed_complex/optimization_allo_2epoch_T3_nu0.75_H0.02_master42_rep13.txt,-973.1548455729094,-354.65798492969145,1236.9937212864359,3.1050514233211497,0.0,0.03902488319096187,0.001
/xdisk/rgutenk/sgibbon/dadi_msprime_pipeline/msprime_tree_sequences/allo_2epoch/params5/allo_2epoch_T3_nu0.75_H0.02_master42_rep13.trees,/xdisk/rgutenk/sgibbon/dadi_msprime_pipeline/dadi_inference_results/allo_2epoch/params5/Collapsed_nested/optimization_allo_2epoch_T3_nu0.75_H0.02_master42_rep13.txt,/xdisk/rgutenk/sgibbon/dadi_msprime_pipeline/dadi_inference_results/allo_2epoch/params5/Collapsed_complex/optimization_allo_2epoch_T3_nu0.75_H0.02_master42_rep13.txt,-973.1548455729094,-354.65798492969145,1236.9937212864359,3.2707637906503386,0.0,0.03526239077021498,0.0001
/xdisk/rgutenk/sgibbon/dadi_msprime_pipeline/msprime_tree_sequences/allo_2epoch/params5/allo_2epoch_T3_nu0.75_H0.02_master42_rep14.trees,/xdisk/rgutenk/sgibbon/dadi_msprime_pipeline/dadi_inference_results/allo_2epoch/params5/Collapsed_nested/optimization_allo_2epoch_T3_nu0.75_H0.02_master42_rep14.txt,/xdisk/rgutenk/sgibbon/dadi_msprime_pipeline/dadi_inference_results/allo_2epoch/params5/Collapsed_complex/optimization_allo_2epoch_T3_nu0.75_H0.02_master42_rep14.txt,-573.639955573125,-231.1250484886397,685.0298141689707,4.655765311609999,0.0,0.015474716456014503,0.01
/xdisk/rgutenk/sgibbon/dadi_msprime_pipeline/msprime_tree_sequences/allo_2epoch/params5/allo_2epoch_T3_nu0.75_H0.02_master42_rep14.trees,/xdisk/rgutenk/sgibbon/dadi_msprime_pipeline/dadi_inference_results/allo_2epoch/params5/Collapsed_nested/optimization_allo_2epoch_T3_nu0.75_H0.02_master42_rep14.txt,/xdisk/rgutenk/sgibbon/dadi_msprime_pipeline/dadi_inference_results/allo_2epoch/params5/Collapsed_complex/optimization_allo_2epoch_T3_nu0.75_H0.02_master42_rep14.txt,-573.639955573125,-231.1250484886397,685.0298141689707,1.290628030111404,0.0,0.12796612248557748,0.001
/xdisk/rgutenk/sgibbon/dadi_msprime_pipeline/msprime_tree_sequences/allo_2epoch/params5/allo_2epoch_T3_nu0.75_H0.02_master42_rep14.trees,/xdisk/rgutenk/sgibbon/dadi_msprime_pipeline/dadi_inference_results/allo_2epoch/params5/Collapsed_nested/optimization_allo_2epoch_T3_nu0.75_H0.02_master42_rep14.txt,/xdisk/rgutenk/sgibbon/dadi_msprime_pipeline/dadi_inference_results/allo_2epoch/params5/Collapsed_complex/optimization_allo_2epoch_T3_nu0.75_H0.02_master42_rep14.txt,-573.639955573125,-231.1250484886397,685.0298141689707,1.340895357134287,0.0,0.1234380659496378,0.0001
/xdisk/rgutenk/sgibbon/dadi_msprime_pipeline/msprime_tree_sequences/allo_2epoch/params5/allo_2epoch_T3_nu0.75_H0.02_master42_rep15.trees,/xdisk/rgutenk/sgibbon/dadi_msprime_pipeline/dadi_inference_results/allo_2epoch/params5/Collapsed_nested/optimization_allo_2epoch_T3_nu0.75_H0.02_master42_rep15.txt,/xdisk/rgutenk/sgibbon/dadi_msprime_pipeline/dadi_inference_results/allo_2epoch/params5/Collapsed_complex/optimization_allo_2epoch_T3_nu0.75_H0.02_master42_rep15.txt,-550.9779051872973,-214.52060730323385,672.9145957681269,8.886515757584824,0.0,0.0014364222046037156,0.01
/xdisk/rgutenk/sgibbon/dadi_msprime_pipeline/msprime_tree_sequences/allo_2epoch/params5/allo_2epoch_T3_nu0.75_H0.02_master42_rep15.trees,/xdisk/rgutenk/sgibbon/dadi_msprime_pipeline/dadi_inference_results/allo_2epoch/params5/Collapsed_nested/optimization_allo_2epoch_T3_nu0.75_H0.02_master42_rep15.txt,/xdisk/rgutenk/sgibbon/dadi_msprime_pipeline/dadi_inference_results/allo_2epoch/params5/Collapsed_complex/optimization_allo_2epoch_T3_nu0.75_H0.02_master42_rep15.txt,-550.9779051872973,-214.52060730323385,672.9145957681269,1.5081644363970623,0.0,0.10970969543562381,0.001
/xdisk/rgutenk/sgibbon/dadi_msprime_pipeline/msprime_tree_sequences/allo_2epoch/params5/allo_2epoch_T3_nu0.75_H0.02_master42_rep15.trees,/xdisk/rgutenk/sgibbon/dadi_msprime_pipeline/dadi_inference_results/allo_2epoch/params5/Collapsed_nested/optimization_allo_2epoch_T3_nu0.75_H0.02_master42_rep15.txt,/xdisk/rgutenk/sgibbon/dadi_msprime_pipeline/dadi_inference_results/allo_2epoch/params5/Collapsed_complex/optimization_allo_2epoch_T3_nu0.75_H0.02_master42_rep15.txt,-550.9779051872973,-214.52060730323385,672.9145957681269,1.64892428501693,0.0,0.09955270245003667,0.0001
/xdisk/rgutenk/sgibbon/dadi_msprime_pipeline/msprime_tree_sequences/allo_2epoch/params5/allo_2epoch_T3_nu0.75_H0.02_master42_rep16.trees,/xdisk/rgutenk/sgibbon/dadi_msprime_pipeline/dadi_inference_results/allo_2epoch/params5/Collapsed_nested/optimization_allo_2epoch_T3_nu0.75_H0.02_master42_rep16.txt,/xdisk/rgutenk/sgibbon/dadi_msprime_pipeline/dadi_inference_results/allo_2epoch/params5/Collapsed_complex/optimization_allo_2epoch_T3_nu0.75_H0.02_master42_rep16.txt,-933.78964068823,-324.60312752446794,1218.373026327524,9.918199507242402,0.0,0.0008182619828197568,0.01
/xdisk/rgutenk/sgibbon/dadi_msprime_pipeline/msprime_tree_sequences/allo_2epoch/params5/allo_2epoch_T3_nu0.75_H0.02_master42_rep16.trees,/xdisk/rgutenk/sgibbon/dadi_msprime_pipeline/dadi_inference_results/allo_2epoch/params5/Collapsed_nested/optimization_allo_2epoch_T3_nu0.75_H0.02_master42_rep16.txt,/xdisk/rgutenk/sgibbon/dadi_msprime_pipeline/dadi_inference_results/allo_2epoch/params5/Collapsed_complex/optimization_allo_2epoch_T3_nu0.75_H0.02_master42_rep16.txt,-933.78964068823,-324.60312752446794,1218.373026327524,2.511705950354003,0.0,0.0565017715384335,0.001
/xdisk/rgutenk/sgibbon/dadi_msprime_pipeline/msprime_tree_sequences/allo_2epoch/params5/allo_2epoch_T3_nu0.75_H0.02_master42_rep16.trees,/xdisk/rgutenk/sgibbon/dadi_msprime_pipeline/dadi_inference_results/allo_2epoch/params5/Collapsed_nested/optimization_allo_2epoch_T3_nu0.75_H0.02_master42_rep16.txt,/xdisk/rgutenk/sgibbon/dadi_msprime_pipeline/dadi_inference_results/allo_2epoch/params5/Collapsed_complex/optimization_allo_2epoch_T3_nu0.75_H0.02_master42_rep16.txt,-933.78964068823,-324.60312752446794,1218.373026327524,3.021504855303921,0.0,0.04108359408118145,0.0001
/xdisk/rgutenk/sgibbon/dadi_msprime_pipeline/msprime_tree_sequences/allo_2epoch/params5/allo_2epoch_T3_nu0.75_H0.02_master42_rep17.trees,/xdisk/rgutenk/sgibbon/dadi_msprime_pipeline/dadi_inference_results/allo_2epoch/params5/Collapsed_nested/optimization_allo_2epoch_T3_nu0.75_H0.02_master42_rep17.txt,/xdisk/rgutenk/sgibbon/dadi_msprime_pipeline/dadi_inference_results/allo_2epoch/params5/Collapsed_complex/optimization_allo_2epoch_T3_nu0.75_H0.02_master42_rep17.txt,-274.42657356767387,-247.6645870906728,53.52397295400215,0.06790308946306917,1.27675647831893e-13,0.39720735413327346,0.01
/xdisk/rgutenk/sgibbon/dadi_msprime_pipeline/msprime_tree_sequences/allo_2epoch/params5/allo_2epoch_T3_nu0.75_H0.02_master42_rep17.trees,/xdisk/rgutenk/sgibbon/dadi_msprime_pipeline/dadi_inference_results/allo_2epoch/params5/Collapsed_nested/optimization_allo_2epoch_T3_nu0.75_H0.02_master42_rep17.txt,/xdisk/rgutenk/sgibbon/dadi_msprime_pipeline/dadi_inference_results/allo_2epoch/params5/Collapsed_complex/optimization_allo_2epoch_T3_nu0.75_H0.02_master42_rep17.txt,-274.42657356767387,-247.6645870906728,53.52397295400215,0.12538478583573084,1.27675647831893e-13,0.36163304200617163,0.001
/xdisk/rgutenk/sgibbon/dadi_msprime_pipeline/msprime_tree_sequences/allo_2epoch/params5/allo_2epoch_T3_nu0.75_H0.02_master42_rep17.trees,/xdisk/rgutenk/sgibbon/dadi_msprime_pipeline/dadi_inference_results/allo_2epoch/params5/Collapsed_nested/optimization_allo_2epoch_T3_nu0.75_H0.02_master42_rep17.txt,/xdisk/rgutenk/sgibbon/dadi_msprime_pipeline/dadi_inference_results/allo_2epoch/params5/Collapsed_complex/optimization_allo_2epoch_T3_nu0.75_H0.02_master42_rep17.txt,-274.42657356767387,-247.6645870906728,53.52397295400215,0.12227195596973235,1.27675647831893e-13,0.3632916574878289,0.0001
/xdisk/rgutenk/sgibbon/dadi_msprime_pipeline/msprime_tree_sequences/allo_2epoch/params5/allo_2epoch_T3_nu0.75_H0.02_master42_rep18.trees,/xdisk/rgutenk/sgibbon/dadi_msprime_pipeline/dadi_inference_results/allo_2epoch/params5/Collapsed_nested/optimization_allo_2epoch_T3_nu0.75_H0.02_master42_rep18.txt,/xdisk/rgutenk/sgibbon/dadi_msprime_pipeline/dadi_inference_results/allo_2epoch/params5/Collapsed_complex/optimization_allo_2epoch_T3_nu0.75_H0.02_master42_rep18.txt,-680.39356242966,-279.27504127525447,802.2370423088112,7.653506808608576,0.0,0.0028331034931521337,0.01
/xdisk/rgutenk/sgibbon/dadi_msprime_pipeline/msprime_tree_sequences/allo_2epoch/params5/allo_2epoch_T3_nu0.75_H0.02_master42_rep18.trees,/xdisk/rgutenk/sgibbon/dadi_msprime_pipeline/dadi_inference_results/allo_2epoch/params5/Collapsed_nested/optimization_allo_2epoch_T3_nu0.75_H0.02_master42_rep18.txt,/xdisk/rgutenk/sgibbon/dadi_msprime_pipeline/dadi_inference_results/allo_2epoch/params5/Collapsed_complex/optimization_allo_2epoch_T3_nu0.75_H0.02_master42_rep18.txt,-680.39356242966,-279.27504127525447,802.2370423088112,1.1817271120269435,0.0,0.13850233509080567,0.001
/xdisk/rgutenk/sgibbon/dadi_msprime_pipeline/msprime_tree_sequences/allo_2epoch/params5/allo_2epoch_T3_nu0.75_H0.02_master42_rep18.trees,/xdisk/rgutenk/sgibbon/dadi_msprime_pipeline/dadi_inference_results/allo_2epoch/params5/Collapsed_nested/optimization_allo_2epoch_T3_nu0.75_H0.02_master42_rep18.txt,/xdisk/rgutenk/sgibbon/dadi_msprime_pipeline/dadi_inference_results/allo_2epoch/params5/Collapsed_complex/optimization_allo_2epoch_T3_nu0.75_H0.02_master42_rep18.txt,-680.39356242966,-279.27504127525447,802.2370423088112,1.043722809356255,0.0,0.15347861142590136,0.0001
/xdisk/rgutenk/sgibbon/dadi_msprime_pipeline/msprime_tree_sequences/allo_2epoch/params5/allo_2epoch_T3_nu0.75_H0.02_master42_rep19.trees,/xdisk/rgutenk/sgibbon/dadi_msprime_pipeline/dadi_inference_results/allo_2epoch/params5/Collapsed_nested/optimization_allo_2epoch_T3_nu0.75_H0.02_master42_rep19.txt,/xdisk/rgutenk/sgibbon/dadi_msprime_pipeline/dadi_inference_results/allo_2epoch/params5/Collapsed_complex/optimization_allo_2epoch_T3_nu0.75_H0.02_master42_rep19.txt,-1119.6883781957913,-325.6298103627121,1588.1171356661584,6.798848534609408,0.0,0.004560834109282541,0.01
/xdisk/rgutenk/sgibbon/dadi_msprime_pipeline/msprime_tree_sequences/allo_2epoch/params5/allo_2epoch_T3_nu0.75_H0.02_master42_rep19.trees,/xdisk/rgutenk/sgibbon/dadi_msprime_pipeline/dadi_inference_results/allo_2epoch/params5/Collapsed_nested/optimization_allo_2epoch_T3_nu0.75_H0.02_master42_rep19.txt,/xdisk/rgutenk/sgibbon/dadi_msprime_pipeline/dadi_inference_results/allo_2epoch/params5/Collapsed_complex/optimization_allo_2epoch_T3_nu0.75_H0.02_master42_rep19.txt,-1119.6883781957913,-325.6298103627121,1588.1171356661584,3.349864059916653,0.0,0.03360528182336564,0.001
/xdisk/rgutenk/sgibbon/dadi_msprime_pipeline/msprime_tree_sequences/allo_2epoch/params5/allo_2epoch_T3_nu0.75_H0.02_master42_rep19.trees,/xdisk/rgutenk/sgibbon/dadi_msprime_pipeline/dadi_inference_results/allo_2epoch/params5/Collapsed_nested/optimization_allo_2epoch_T3_nu0.75_H0.02_master42_rep19.txt,/xdisk/rgutenk/sgibbon/dadi_msprime_pipeline/dadi_inference_results/allo_2epoch/params5/Collapsed_complex/optimization_allo_2epoch_T3_nu0.75_H0.02_master42_rep19.txt,-1119.6883781957913,-325.6298103627121,1588.1171356661584,4.137511892885872,0.0,0.020971387829264776,0.0001
/xdisk/rgutenk/sgibbon/dadi_msprime_pipeline/msprime_tree_sequences/allo_2epoch/params5/allo_2epoch_T3_nu0.75_H0.02_master42_rep2.trees,/xdisk/rgutenk/sgibbon/dadi_msprime_pipeline/dadi_inference_results/allo_2epoch/params5/Collapsed_nested/optimization_allo_2epoch_T3_nu0.75_H0.02_master42_rep2.txt,/xdisk/rgutenk/sgibbon/dadi_msprime_pipeline/dadi_inference_results/allo_2epoch/params5/Collapsed_complex/optimization_allo_2epoch_T3_nu0.75_H0.02_master42_rep2.txt,-1924.661834410725,-404.3416242695773,3040.6404202822955,2.5694038951110114,0.0,0.05447438973411778,0.01
/xdisk/rgutenk/sgibbon/dadi_msprime_pipeline/msprime_tree_sequences/allo_2epoch/params5/allo_2epoch_T3_nu0.75_H0.02_master42_rep2.trees,/xdisk/rgutenk/sgibbon/dadi_msprime_pipeline/dadi_inference_results/allo_2epoch/params5/Collapsed_nested/optimization_allo_2epoch_T3_nu0.75_H0.02_master42_rep2.txt,/xdisk/rgutenk/sgibbon/dadi_msprime_pipeline/dadi_inference_results/allo_2epoch/params5/Collapsed_complex/optimization_allo_2epoch_T3_nu0.75_H0.02_master42_rep2.txt,-1924.661834410725,-404.3416242695773,3040.6404202822955,-9.428728133613793,0.0,1.0,0.001
/xdisk/rgutenk/sgibbon/dadi_msprime_pipeline/msprime_tree_sequences/allo_2epoch/params5/allo_2epoch_T3_nu0.75_H0.02_master42_rep2.trees,/xdisk/rgutenk/sgibbon/dadi_msprime_pipeline/dadi_inference_results/allo_2epoch/params5/Collapsed_nested/optimization_allo_2epoch_T3_nu0.75_H0.02_master42_rep2.txt,/xdisk/rgutenk/sgibbon/dadi_msprime_pipeline/dadi_inference_results/allo_2epoch/params5/Collapsed_complex/optimization_allo_2epoch_T3_nu0.75_H0.02_master42_rep2.txt,-1924.661834410725,-404.3416242695773,3040.6404202822955,-5.279338776732242,0.0,1.0,0.0001
/xdisk/rgutenk/sgibbon/dadi_msprime_pipeline/msprime_tree_sequences/allo_2epoch/params5/allo_2epoch_T3_nu0.75_H0.02_master42_rep20.trees,/xdisk/rgutenk/sgibbon/dadi_msprime_pipeline/dadi_inference_results/allo_2epoch/params5/Collapsed_nested/optimization_allo_2epoch_T3_nu0.75_H0.02_master42_rep20.txt,/xdisk/rgutenk/sgibbon/dadi_msprime_pipeline/dadi_inference_results/allo_2epoch/params5/Collapsed_complex/optimization_allo_2epoch_T3_nu0.75_H0.02_master42_rep20.txt,-612.7769573356015,-385.6373010955307,454.2793124801417,2.2317312441553665,0.0,0.06760114021603358,0.01
/xdisk/rgutenk/sgibbon/dadi_msprime_pipeline/msprime_tree_sequences/allo_2epoch/params5/allo_2epoch_T3_nu0.75_H0.02_master42_rep20.trees,/xdisk/rgutenk/sgibbon/dadi_msprime_pipeline/dadi_inference_results/allo_2epoch/params5/Collapsed_nested/optimization_allo_2epoch_T3_nu0.75_H0.02_master42_rep20.txt,/xdisk/rgutenk/sgibbon/dadi_msprime_pipeline/dadi_inference_results/allo_2epoch/params5/Collapsed_complex/optimization_allo_2epoch_T3_nu0.75_H0.02_master42_rep20.txt,-612.7769573356015,-385.6373010955307,454.2793124801417,1.027998584370077,0.0,0.15531460330115665,0.001
/xdisk/rgutenk/sgibbon/dadi_msprime_pipeline/msprime_tree_sequences/allo_2epoch/params5/allo_2epoch_T3_nu0.75_H0.02_master42_rep20.trees,/xdisk/rgutenk/sgibbon/dadi_msprime_pipeline/dadi_inference_results/allo_2epoch/params5/Collapsed_nested/optimization_allo_2epoch_T3_nu0.75_H0.02_master42_rep20.txt,/xdisk/rgutenk/sgibbon/dadi_msprime_pipeline/dadi_inference_results/allo_2epoch/params5/Collapsed_complex/optimization_allo_2epoch_T3_nu0.75_H0.02_master42_rep20.txt,-612.7769573356015,-385.6373010955307,454.2793124801417,1.0697194710926416,0.0,0.1505044096135939,0.0001
/xdisk/rgutenk/sgibbon/dadi_msprime_pipeline/msprime_tree_sequences/allo_2epoch/params5/allo_2epoch_T3_nu0.75_H0.02_master42_rep21.trees,/xdisk/rgutenk/sgibbon/dadi_msprime_pipeline/dadi_inference_results/allo_2epoch/params5/Collapsed_nested/optimization_allo_2epoch_T3_nu0.75_H0.02_master42_rep21.txt,/xdisk/rgutenk/sgibbon/dadi_msprime_pipeline/dadi_inference_results/allo_2epoch/params5/Collapsed_complex/optimization_allo_2epoch_T3_nu0.75_H0.02_master42_rep21.txt,-574.7042885431648,-289.24564878795576,570.9172795104181,11.78075500553258,0.0,0.0002992310345051319,0.01
/xdisk/rgutenk/sgibbon/dadi_msprime_pipeline/msprime_tree_sequences/allo_2epoch/params5/allo_2epoch_T3_nu0.75_H0.02_master42_rep21.trees,/xdisk/rgutenk/sgibbon/dadi_msprime_pipeline/dadi_inference_results/allo_2epoch/params5/Collapsed_nested/optimization_allo_2epoch_T3_nu0.75_H0.02_master42_rep21.txt,/xdisk/rgutenk/sgibbon/dadi_msprime_pipeline/dadi_inference_results/allo_2epoch/params5/Collapsed_complex/optimization_allo_2epoch_T3_nu0.75_H0.02_master42_rep21.txt,-574.7042885431648,-289.24564878795576,570.9172795104181,1.8345819715384835,0.0,0.08779365159437758,0.001
/xdisk/rgutenk/sgibbon/dadi_msprime_pipeline/msprime_tree_sequences/allo_2epoch/params5/allo_2epoch_T3_nu0.75_H0.02_master42_rep21.trees,/xdisk/rgutenk/sgibbon/dadi_msprime_pipeline/dadi_inference_results/allo_2epoch/params5/Collapsed_nested/optimization_allo_2epoch_T3_nu0.75_H0.02_master42_rep21.txt,/xdisk/rgutenk/sgibbon/dadi_msprime_pipeline/dadi_inference_results/allo_2epoch/params5/Collapsed_complex/optimization_allo_2epoch_T3_nu0.75_H0.02_master42_rep21.txt,-574.7042885431648,-289.24564878795576,570.9172795104181,2.153181672688917,0.0,0.07113739322157708,0.0001
/xdisk/rgutenk/sgibbon/dadi_msprime_pipeline/msprime_tree_sequences/allo_2epoch/params5/allo_2epoch_T3_nu0.75_H0.02_master42_rep22.trees,/xdisk/rgutenk/sgibbon/dadi_msprime_pipeline/dadi_inference_results/allo_2epoch/params5/Collapsed_nested/optimization_allo_2epoch_T3_nu0.75_H0.02_master42_rep22.txt,/xdisk/rgutenk/sgibbon/dadi_msprime_pipeline/dadi_inference_results/allo_2epoch/params5/Collapsed_complex/optimization_allo_2epoch_T3_nu0.75_H0.02_master42_rep22.txt,-969.2133443938044,-233.9376201004596,1470.5514485866895,7.841482971928779,0.0,0.0025530350649130007,0.01
/xdisk/rgutenk/sgibbon/dadi_msprime_pipeline/msprime_tree_sequences/allo_2epoch/params5/allo_2epoch_T3_nu0.75_H0.02_master42_rep22.trees,/xdisk/rgutenk/sgibbon/dadi_msprime_pipeline/dadi_inference_results/allo_2epoch/params5/Collapsed_nested/optimization_allo_2epoch_T3_nu0.75_H0.02_master42_rep22.txt,/xdisk/rgutenk/sgibbon/dadi_msprime_pipeline/dadi_inference_results/allo_2epoch/params5/Collapsed_complex/optimization_allo_2epoch_T3_nu0.75_H0.02_master42_rep22.txt,-969.2133443938044,-233.9376201004596,1470.5514485866895,3.284197785652807,0.0,0.034974902051375656,0.001
/xdisk/rgutenk/sgibbon/dadi_msprime_pipeline/msprime_tree_sequences/allo_2epoch/params5/allo_2epoch_T3_nu0.75_H0.02_master42_rep22.trees,/xdisk/rgutenk/sgibbon/dadi_msprime_pipeline/dadi_inference_results/allo_2epoch/params5/Collapsed_nested/optimization_allo_2epoch_T3_nu0.75_H0.02_master42_rep22.txt,/xdisk/rgutenk/sgibbon/dadi_msprime_pipeline/dadi_inference_results/allo_2epoch/params5/Collapsed_complex/optimization_allo_2epoch_T3_nu0.75_H0.02_master42_rep22.txt,-969.2133443938044,-233.9376201004596,1470.5514485866895,4.017007391653502,0.0,0.022521785991072574,0.0001
/xdisk/rgutenk/sgibbon/dadi_msprime_pipeline/msprime_tree_sequences/allo_2epoch/params5/allo_2epoch_T3_nu0.75_H0.02_master42_rep23.trees,/xdisk/rgutenk/sgibbon/dadi_msprime_pipeline/dadi_inference_results/allo_2epoch/params5/Collapsed_nested/optimization_allo_2epoch_T3_nu0.75_H0.02_master42_rep23.txt,/xdisk/rgutenk/sgibbon/dadi_msprime_pipeline/dadi_inference_results/allo_2epoch/params5/Collapsed_complex/optimization_allo_2epoch_T3_nu0.75_H0.02_master42_rep23.txt,-623.6917140911044,-270.583553589232,706.2163210037447,4.751984590004883,0.0,0.014632262482166203,0.01
/xdisk/rgutenk/sgibbon/dadi_msprime_pipeline/msprime_tree_sequences/allo_2epoch/params5/allo_2epoch_T3_nu0.75_H0.02_master42_rep23.trees,/xdisk/rgutenk/sgibbon/dadi_msprime_pipeline/dadi_inference_results/allo_2epoch/params5/Collapsed_nested/optimization_allo_2epoch_T3_nu0.75_H0.02_master42_rep23.txt,/xdisk/rgutenk/sgibbon/dadi_msprime_pipeline/dadi_inference_results/allo_2epoch/params5/Collapsed_complex/optimization_allo_2epoch_T3_nu0.75_H0.02_master42_rep23.txt,-623.6917140911044,-270.583553589232,706.2163210037447,-0.31352646263753986,0.0,1.0,0.001
/xdisk/rgutenk/sgibbon/dadi_msprime_pipeline/msprime_tree_sequences/allo_2epoch/params5/allo_2epoch_T3_nu0.75_H0.02_master42_rep23.trees,/xdisk/rgutenk/sgibbon/dadi_msprime_pipeline/dadi_inference_results/allo_2epoch/params5/Collapsed_nested/optimization_allo_2epoch_T3_nu0.75_H0.02_master42_rep23.txt,/xdisk/rgutenk/sgibbon/dadi_msprime_pipeline/dadi_inference_results/allo_2epoch/params5/Collapsed_complex/optimization_allo_2epoch_T3_nu0.75_H0.02_master42_rep23.txt,-623.6917140911044,-270.583553589232,706.2163210037447,-0.4576449551439571,0.0,1.0,0.0001
/xdisk/rgutenk/sgibbon/dadi_msprime_pipeline/msprime_tree_sequences/allo_2epoch/params5/allo_2epoch_T3_nu0.75_H0.02_master42_rep24.trees,/xdisk/rgutenk/sgibbon/dadi_msprime_pipeline/dadi_inference_results/allo_2epoch/params5/Collapsed_nested/optimization_allo_2epoch_T3_nu0.75_H0.02_master42_rep24.txt,/xdisk/rgutenk/sgibbon/dadi_msprime_pipeline/dadi_inference_results/allo_2epoch/params5/Collapsed_complex/optimization_allo_2epoch_T3_nu0.75_H0.02_master42_rep24.txt,-1193.5244217811369,-345.2670976594958,1696.5146482432822,4.179061240472747,0.0,0.02046318212268483,0.01
/xdisk/rgutenk/sgibbon/dadi_msprime_pipeline/msprime_tree_sequences/allo_2epoch/params5/allo_2epoch_T3_nu0.75_H0.02_master42_rep24.trees,/xdisk/rgutenk/sgibbon/dadi_msprime_pipeline/dadi_inference_results/allo_2epoch/params5/Collapsed_nested/optimization_allo_2epoch_T3_nu0.75_H0.02_master42_rep24.txt,/xdisk/rgutenk/sgibbon/dadi_msprime_pipeline/dadi_inference_results/allo_2epoch/params5/Collapsed_complex/optimization_allo_2epoch_T3_nu0.75_H0.02_master42_rep24.txt,-1193.5244217811369,-345.2670976594958,1696.5146482432822,-0.6470346549325608,0.0,1.0,0.001
/xdisk/rgutenk/sgibbon/dadi_msprime_pipeline/msprime_tree_sequences/allo_2epoch/params5/allo_2epoch_T3_nu0.75_H0.02_master42_rep24.trees,/xdisk/rgutenk/sgibbon/dadi_msprime_pipeline/dadi_inference_results/allo_2epoch/params5/Collapsed_nested/optimization_allo_2epoch_T3_nu0.75_H0.02_master42_rep24.txt,/xdisk/rgutenk/sgibbon/dadi_msprime_pipeline/dadi_inference_results/allo_2epoch/params5/Collapsed_complex/optimization_allo_2epoch_T3_nu0.75_H0.02_master42_rep24.txt,-1193.5244217811369,-345.2670976594958,1696.5146482432822,-0.9016701800803414,0.0,1.0,0.0001
/xdisk/rgutenk/sgibbon/dadi_msprime_pipeline/msprime_tree_sequences/allo_2epoch/params5/allo_2epoch_T3_nu0.75_H0.02_master42_rep3.trees,/xdisk/rgutenk/sgibbon/dadi_msprime_pipeline/dadi_inference_results/allo_2epoch/params5/Collapsed_nested/optimization_allo_2epoch_T3_nu0.75_H0.02_master42_rep3.txt,/xdisk/rgutenk/sgibbon/dadi_msprime_pipeline/dadi_inference_results/allo_2epoch/params5/Collapsed_complex/optimization_allo_2epoch_T3_nu0.75_H0.02_master42_rep3.txt,-866.2305997273943,-330.8716763973486,1070.7178466600913,4.326938865834604,0.0,0.018756826802999282,0.01
/xdisk/rgutenk/sgibbon/dadi_msprime_pipeline/msprime_tree_sequences/allo_2epoch/params5/allo_2epoch_T3_nu0.75_H0.02_master42_rep3.trees,/xdisk/rgutenk/sgibbon/dadi_msprime_pipeline/dadi_inference_results/allo_2epoch/params5/Collapsed_nested/optimization_allo_2epoch_T3_nu0.75_H0.02_master42_rep3.txt,/xdisk/rgutenk/sgibbon/dadi_msprime_pipeline/dadi_inference_results/allo_2epoch/params5/Collapsed_complex/optimization_allo_2epoch_T3_nu0.75_H0.02_master42_rep3.txt,-866.2305997273943,-330.8716763973486,1070.7178466600913,-0.7902381954230595,0.0,1.0,0.001
/xdisk/rgutenk/sgibbon/dadi_msprime_pipeline/msprime_tree_sequences/allo_2epoch/params5/allo_2epoch_T3_nu0.75_H0.02_master42_rep3.trees,/xdisk/rgutenk/sgibbon/dadi_msprime_pipeline/dadi_inference_results/allo_2epoch/params5/Collapsed_nested/optimization_allo_2epoch_T3_nu0.75_H0.02_master42_rep3.txt,/xdisk/rgutenk/sgibbon/dadi_msprime_pipeline/dadi_inference_results/allo_2epoch/params5/Collapsed_complex/optimization_allo_2epoch_T3_nu0.75_H0.02_master42_rep3.txt,-866.2305997273943,-330.8716763973486,1070.7178466600913,-0.8430459178865847,0.0,1.0,0.0001
/xdisk/rgutenk/sgibbon/dadi_msprime_pipeline/msprime_tree_sequences/allo_2epoch/params5/allo_2epoch_T3_nu0.75_H0.02_master42_rep4.trees,/xdisk/rgutenk/sgibbon/dadi_msprime_pipeline/dadi_inference_results/allo_2epoch/params5/Collapsed_nested/optimization_allo_2epoch_T3_nu0.75_H0.02_master42_rep4.txt,/xdisk/rgutenk/sgibbon/dadi_msprime_pipeline/dadi_inference_results/allo_2epoch/params5/Collapsed_complex/optimization_allo_2epoch_T3_nu0.75_H0.02_master42_rep4.txt,-1279.594055046099,-260.4715895395112,2038.2449310131753,3.36600970909223,0.0,0.03327738683188064,0.01
/xdisk/rgutenk/sgibbon/dadi_msprime_pipeline/msprime_tree_sequences/allo_2epoch/params5/allo_2epoch_T3_nu0.75_H0.02_master42_rep4.trees,/xdisk/rgutenk/sgibbon/dadi_msprime_pipeline/dadi_inference_results/allo_2epoch/params5/Collapsed_nested/optimization_allo_2epoch_T3_nu0.75_H0.02_master42_rep4.txt,/xdisk/rgutenk/sgibbon/dadi_msprime_pipeline/dadi_inference_results/allo_2epoch/params5/Collapsed_complex/optimization_allo_2epoch_T3_nu0.75_H0.02_master42_rep4.txt,-1279.594055046099,-260.4715895395112,2038.2449310131753,-5.710741223027357,0.0,1.0,0.001
/xdisk/rgutenk/sgibbon/dadi_msprime_pipeline/msprime_tree_sequences/allo_2epoch/params5/allo_2epoch_T3_nu0.75_H0.02_master42_rep4.trees,/xdisk/rgutenk/sgibbon/dadi_msprime_pipeline/dadi_inference_results/allo_2epoch/params5/Collapsed_nested/optimization_allo_2epoch_T3_nu0.75_H0.02_master42_rep4.txt,/xdisk/rgutenk/sgibbon/dadi_msprime_pipeline/dadi_inference_results/allo_2epoch/params5/Collapsed_complex/optimization_allo_2epoch_T3_nu0.75_H0.02_master42_rep4.txt,-1279.594055046099,-260.4715895395112,2038.2449310131753,-4.254065451734424,0.0,1.0,0.0001
/xdisk/rgutenk/sgibbon/dadi_msprime_pipeline/msprime_tree_sequences/allo_2epoch/params5/allo_2epoch_T3_nu0.75_H0.02_master42_rep5.trees,/xdisk/rgutenk/sgibbon/dadi_msprime_pipeline/dadi_inference_results/allo_2epoch/params5/Collapsed_nested/optimization_allo_2epoch_T3_nu0.75_H0.02_master42_rep5.txt,/xdisk/rgutenk/sgibbon/dadi_msprime_pipeline/dadi_inference_results/allo_2epoch/params5/Collapsed_complex/optimization_allo_2epoch_T3_nu0.75_H0.02_master42_rep5.txt,-976.4587903107528,-363.4735555749817,1225.9704694715422,10.284379949431337,0.0,0.0006708054814412723,0.01
/xdisk/rgutenk/sgibbon/dadi_msprime_pipeline/msprime_tree_sequences/allo_2epoch/params5/allo_2epoch_T3_nu0.75_H0.02_master42_rep5.trees,/xdisk/rgutenk/sgibbon/dadi_msprime_pipeline/dadi_inference_results/allo_2epoch/params5/Collapsed_nested/optimization_allo_2epoch_T3_nu0.75_H0.02_master42_rep5.txt,/xdisk/rgutenk/sgibbon/dadi_msprime_pipeline/dadi_inference_results/allo_2epoch/params5/Collapsed_complex/optimization_allo_2epoch_T3_nu0.75_H0.02_master42_rep5.txt,-976.4587903107528,-363.4735555749817,1225.9704694715422,4.114033479134671,0.0,0.02126440978338251,0.001
/xdisk/rgutenk/sgibbon/dadi_msprime_pipeline/msprime_tree_sequences/allo_2epoch/params5/allo_2epoch_T3_nu0.75_H0.02_master42_rep5.trees,/xdisk/rgutenk/sgibbon/dadi_msprime_pipeline/dadi_inference_results/allo_2epoch/params5/Collapsed_nested/optimization_allo_2epoch_T3_nu0.75_H0.02_master42_rep5.txt,/xdisk/rgutenk/sgibbon/dadi_msprime_pipeline/dadi_inference_results/allo_2epoch/params5/Collapsed_complex/optimization_allo_2epoch_T3_nu0.75_H0.02_master42_rep5.txt,-976.4587903107528,-363.4735555749817,1225.9704694715422,5.1681264209314755,0.0,0.011502507293804864,0.0001
/xdisk/rgutenk/sgibbon/dadi_msprime_pipeline/msprime_tree_sequences/allo_2epoch/params5/allo_2epoch_T3_nu0.75_H0.02_master42_rep6.trees,/xdisk/rgutenk/sgibbon/dadi_msprime_pipeline/dadi_inference_results/allo_2epoch/params5/Collapsed_nested/optimization_allo_2epoch_T3_nu0.75_H0.02_master42_rep6.txt,/xdisk/rgutenk/sgibbon/dadi_msprime_pipeline/dadi_inference_results/allo_2epoch/params5/Collapsed_complex/optimization_allo_2epoch_T3_nu0.75_H0.02_master42_rep6.txt,-516.961726863311,-227.85668855038733,578.2100766258474,8.304252345545315,0.0,0.0019776180646374764,0.01
/xdisk/rgutenk/sgibbon/dadi_msprime_pipeline/msprime_tree_sequences/allo_2epoch/params5/allo_2epoch_T3_nu0.75_H0.02_master42_rep6.trees,/xdisk/rgutenk/sgibbon/dadi_msprime_pipeline/dadi_inference_results/allo_2epoch/params5/Collapsed_nested/optimization_allo_2epoch_T3_nu0.75_H0.02_master42_rep6.txt,/xdisk/rgutenk/sgibbon/dadi_msprime_pipeline/dadi_inference_results/allo_2epoch/params5/Collapsed_complex/optimization_allo_2epoch_T3_nu0.75_H0.02_master42_rep6.txt,-516.961726863311,-227.85668855038733,578.2100766258474,1.5563558765565064,0.0,0.10609979434908479,0.001
/xdisk/rgutenk/sgibbon/dadi_msprime_pipeline/msprime_tree_sequences/allo_2epoch/params5/allo_2epoch_T3_nu0.75_H0.02_master42_rep6.trees,/xdisk/rgutenk/sgibbon/dadi_msprime_pipeline/dadi_inference_results/allo_2epoch/params5/Collapsed_nested/optimization_allo_2epoch_T3_nu0.75_H0.02_master42_rep6.txt,/xdisk/rgutenk/sgibbon/dadi_msprime_pipeline/dadi_inference_results/allo_2epoch/params5/Collapsed_complex/optimization_allo_2epoch_T3_nu0.75_H0.02_master42_rep6.txt,-516.961726863311,-227.85668855038733,578.2100766258474,1.756870876619214,0.0,0.09250764688711377,0.0001
/xdisk/rgutenk/sgibbon/dadi_msprime_pipeline/msprime_tree_sequences/allo_2epoch/params5/allo_2epoch_T3_nu0.75_H0.02_master42_rep7.trees,/xdisk/rgutenk/sgibbon/dadi_msprime_pipeline/dadi_inference_results/allo_2epoch/params5/Collapsed_nested/optimization_allo_2epoch_T3_nu0.75_H0.02_master42_rep7.txt,/xdisk/rgutenk/sgibbon/dadi_msprime_pipeline/dadi_inference_results/allo_2epoch/params5/Collapsed_complex/optimization_allo_2epoch_T3_nu0.75_H0.02_master42_rep7.txt,-656.278043255888,-207.76911419283005,897.0178581261158,9.10500289083527,0.0,0.0012745565710783335,0.01
/xdisk/rgutenk/sgibbon/dadi_msprime_pipeline/msprime_tree_sequences/allo_2epoch/params5/allo_2epoch_T3_nu0.75_H0.02_master42_rep7.trees,/xdisk/rgutenk/sgibbon/dadi_msprime_pipeline/dadi_inference_results/allo_2epoch/params5/Collapsed_nested/optimization_allo_2epoch_T3_nu0.75_H0.02_master42_rep7.txt,/xdisk/rgutenk/sgibbon/dadi_msprime_pipeline/dadi_inference_results/allo_2epoch/params5/Collapsed_complex/optimization_allo_2epoch_T3_nu0.75_H0.02_master42_rep7.txt,-656.278043255888,-207.76911419283005,897.0178581261158,3.1081148806882015,0.0,0.038951539199272966,0.001
/xdisk/rgutenk/sgibbon/dadi_msprime_pipeline/msprime_tree_sequences/allo_2epoch/params5/allo_2epoch_T3_nu0.75_H0.02_master42_rep7.trees,/xdisk/rgutenk/sgibbon/dadi_msprime_pipeline/dadi_inference_results/allo_2epoch/params5/Collapsed_nested/optimization_allo_2epoch_T3_nu0.75_H0.02_master42_rep7.txt,/xdisk/rgutenk/sgibbon/dadi_msprime_pipeline/dadi_inference_results/allo_2epoch/params5/Collapsed_complex/optimization_allo_2epoch_T3_nu0.75_H0.02_master42_rep7.txt,-656.278043255888,-207.76911419283005,897.0178581261158,4.238280866707554,0.0,0.019761083655746914,0.0001
/xdisk/rgutenk/sgibbon/dadi_msprime_pipeline/msprime_tree_sequences/allo_2epoch/params5/allo_2epoch_T3_nu0.75_H0.02_master42_rep8.trees,/xdisk/rgutenk/sgibbon/dadi_msprime_pipeline/dadi_inference_results/allo_2epoch/params5/Collapsed_nested/optimization_allo_2epoch_T3_nu0.75_H0.02_master42_rep8.txt,/xdisk/rgutenk/sgibbon/dadi_msprime_pipeline/dadi_inference_results/allo_2epoch/params5/Collapsed_complex/optimization_allo_2epoch_T3_nu0.75_H0.02_master42_rep8.txt,-908.1225013319478,-221.90699608127616,1372.4310105013433,9.371065156411651,0.0,0.0011021869423820663,0.01
/xdisk/rgutenk/sgibbon/dadi_msprime_pipeline/msprime_tree_sequences/allo_2epoch/params5/allo_2epoch_T3_nu0.75_H0.02_master42_rep8.trees,/xdisk/rgutenk/sgibbon/dadi_msprime_pipeline/dadi_inference_results/allo_2epoch/params5/Collapsed_nested/optimization_allo_2epoch_T3_nu0.75_H0.02_master42_rep8.txt,/xdisk/rgutenk/sgibbon/dadi_msprime_pipeline/dadi_inference_results/allo_2epoch/params5/Collapsed_complex/optimization_allo_2epoch_T3_nu0.75_H0.02_master42_rep8.txt,-908.1225013319478,-221.90699608127616,1372.4310105013433,2.9483757202755667,0.0,0.04298195893565904,0.001
/xdisk/rgutenk/sgibbon/dadi_msprime_pipeline/msprime_tree_sequences/allo_2epoch/params5/allo_2epoch_T3_nu0.75_H0.02_master42_rep8.trees,/xdisk/rgutenk/sgibbon/dadi_msprime_pipeline/dadi_inference_results/allo_2epoch/params5/Collapsed_nested/optimization_allo_2epoch_T3_nu0.75_H0.02_master42_rep8.txt,/xdisk/rgutenk/sgibbon/dadi_msprime_pipeline/dadi_inference_results/allo_2epoch/params5/Collapsed_complex/optimization_allo_2epoch_T3_nu0.75_H0.02_master42_rep8.txt,-908.1225013319478,-221.90699608127616,1372.4310105013433,3.469676485482597,0.0,0.031251766919938584,0.0001
/xdisk/rgutenk/sgibbon/dadi_msprime_pipeline/msprime_tree_sequences/allo_2epoch/params5/allo_2epoch_T3_nu0.75_H0.02_master42_rep9.trees,/xdisk/rgutenk/sgibbon/dadi_msprime_pipeline/dadi_inference_results/allo_2epoch/params5/Collapsed_nested/optimization_allo_2epoch_T3_nu0.75_H0.02_master42_rep9.txt,/xdisk/rgutenk/sgibbon/dadi_msprime_pipeline/dadi_inference_results/allo_2epoch/params5/Collapsed_complex/optimization_allo_2epoch_T3_nu0.75_H0.02_master42_rep9.txt,-920.567447071045,-235.24879369211976,1370.6373067578504,5.9372290685012254,0.0,0.007412153542509348,0.01
/xdisk/rgutenk/sgibbon/dadi_msprime_pipeline/msprime_tree_sequences/allo_2epoch/params5/allo_2epoch_T3_nu0.75_H0.02_master42_rep9.trees,/xdisk/rgutenk/sgibbon/dadi_msprime_pipeline/dadi_inference_results/allo_2epoch/params5/Collapsed_nested/optimization_allo_2epoch_T3_nu0.75_H0.02_master42_rep9.txt,/xdisk/rgutenk/sgibbon/dadi_msprime_pipeline/dadi_inference_results/allo_2epoch/params5/Collapsed_complex/optimization_allo_2epoch_T3_nu0.75_H0.02_master42_rep9.txt,-920.567447071045,-235.24879369211976,1370.6373067578504,3.2273723907810075,0.0,0.036208397737317544,0.001
/xdisk/rgutenk/sgibbon/dadi_msprime_pipeline/msprime_tree_sequences/allo_2epoch/params5/allo_2epoch_T3_nu0.75_H0.02_master42_rep9.trees,/xdisk/rgutenk/sgibbon/dadi_msprime_pipeline/dadi_inference_results/allo_2epoch/params5/Collapsed_nested/optimization_allo_2epoch_T3_nu0.75_H0.02_master42_rep9.txt,/xdisk/rgutenk/sgibbon/dadi_msprime_pipeline/dadi_inference_results/allo_2epoch/params5/Collapsed_complex/optimization_allo_2epoch_T3_nu0.75_H0.02_master42_rep9.txt,-920.567447071045,-235.24879369211976,1370.6373067578504,3.934440816054441,0.0,0.023653432822774212,0.0001
